#if !APPLE_ICU_CHANGES
#if !APPLE_ICU_CHANGES
// Copyright (C) 2016 and later: Unicode, Inc. and others.
// License & terms of use: http://www.unicode.org/copyright.html
// Copyright (C) 1999-2016, International Business Machines
// Corporation and others.  All Rights Reserved.
//
// file name: ubidi_props_data.h
//
// machine-generated by: icu/tools/unicode/c/genprops/bidipropsbuilder.cpp

#ifdef INCLUDED_FROM_UBIDI_PROPS_C

static const UVersionInfo ubidi_props_dataVersion={0x11,0,0,0};

static const int32_t ubidi_props_indexes[UBIDI_IX_TOP]={0x10,0x703c,0x68a8,0x28,0x620,0x8cc,0x10ac0,0x10ec8,0,0,0,0,0,0,0,0x6902b6};

static const uint16_t ubidi_props_trieIndex[13388]={
0x395,0x39d,0x3a5,0x3ad,0x3c5,0x3cd,0x3d5,0x3dd,0x3b5,0x3bd,0x3b5,0x3bd,0x3b5,0x3bd,0x3b5,0x3bd,
0x3b5,0x3bd,0x3b5,0x3bd,0x3e3,0x3eb,0x3f3,0x3fb,0x403,0x40b,0x407,0x40f,0x417,0x41f,0x41a,0x422,
0x3b5,0x3bd,0x3b5,0x3bd,0x42a,0x432,0x3b5,0x3bd,0x3b5,0x3bd,0x3b5,0x3bd,0x438,0x440,0x448,0x450,
0x458,0x460,0x468,0x470,0x476,0x47e,0x486,0x48e,0x496,0x49e,0x4a4,0x4ac,0x4b4,0x4bc,0x4c4,0x4cc,
0x4d8,0x4d4,0x4e0,0x4e8,0x4f0,0x500,0x507,0x4f8,0x50f,0x511,0x519,0x521,0x529,0x52a,0x532,0x53a,
0x542,0x52a,0x54a,0x54f,0x542,0x52a,0x557,0x55f,0x529,0x567,0x56f,0x521,0x577,0x3b5,0x57f,0x583,
0x58b,0x58d,0x595,0x59d,0x529,0x5a5,0x5ad,0x521,0x42c,0x5b1,0x532,0x521,0x529,0x3b5,0x5b9,0x3b5,
0x3b5,0x5bf,0x5c7,0x3b5,0x3b5,0x5cb,0x5d3,0x3b5,0x5d7,0x5de,0x3b5,0x5e6,0x5ee,0x5f5,0x576,0x3b5,
0x3b5,0x5fd,0x605,0x60d,0x615,0x3b5,0x3b5,0x3b5,0x3b5,0x3b5,0x3b5,0x3b5,0x3b5,0x3b5,0x3b5,0x3b5,
0x3b5,0x3b5,0x3b5,0x3b5,0x3b5,0x3b5,0x3b5,0x3b5,0x3b5,0x3b5,0x61d,0x3b5,0x625,0x3b5,0x3b5,0x3b5,
0x62d,0x3b5,0x3b5,0x3b5,0x3b5,0x3b5,0x3b5,0x3b5,0x3b5,0x3b5,0x3b5,0x3b5,0x3b5,0x3b5,0x3b5,0x3b5,
0x3b5,0x3b5,0x3b5,0x3b5,0x635,0x3b5,0x3b5,0x3b5,0x63d,0x536,0x536,0x536,0x3b5,0x643,0x64b,0x625,
0x661,0x653,0x653,0x669,0x670,0x659,0x3b5,0x3b5,0x3b5,0x678,0x680,0x3b5,0x3b5,0x3b5,0x682,0x68a,
0x692,0x3b5,0x699,0x6a1,0x3b5,0x6a9,0x6b6,0x6ae,0x566,0x6be,0x577,0x6c6,0x42c,0x6ce,0x3b5,0x6d5,
0x3b5,0x6da,0x3b5,0x3b5,0x3b5,0x3b5,0x6e0,0x6e8,0x3b5,0x3b5,0x3b5,0x3b5,0x3b5,0x3b5,0x403,0x403,
0x3b5,0x3b5,0x3b5,0x3b5,0x3b5,0x3b5,0x3b5,0x3b5,0x3b5,0x3b5,0x3b5,0x3b5,0x3b5,0x6ef,0x6f7,0x6fb,
0x713,0x719,0x703,0x70b,0x721,0x729,0x72d,0x5f8,0x735,0x73d,0x745,0x3b5,0x74d,0x68a,0x68a,0x68a,
0x75d,0x765,0x76d,0x775,0x77a,0x782,0x78a,0x755,0x792,0x79a,0x3b5,0x7a0,0x7a7,0x68a,0x68a,0x68a,
0x68a,0x79d,0x7ad,0x68a,0x7b5,0x3b5,0x3b5,0x687,0x68a,0x68a,0x68a,0x68a,0x68a,0x68a,0x68a,0x68a,
0x68a,0x68a,0x68a,0x68a,0x68a,0x7bd,0x68a,0x68a,0x68a,0x68a,0x68a,0x7c3,0x68a,0x68a,0x7cb,0x7d3,
0x3b5,0x3b5,0x3b5,0x3b5,0x3b5,0x3b5,0x3b5,0x3b5,0x68a,0x68a,0x68a,0x68a,0x7e3,0x7eb,0x7f3,0x7db,
0x803,0x80b,0x813,0x81a,0x821,0x829,0x82d,0x7fb,0x68a,0x68a,0x68a,0x835,0x68a,0x68a,0x68a,0x83b,
0x3b5,0x3b5,0x3b5,0x3b5,0x3b5,0x3b5,0x3b5,0x843,0x3b5,0x3b5,0x3b5,0x84b,0x3b5,0x3b5,0x3b5,0x403,
0x853,0x85b,0x85e,0x3b5,0x866,0x68a,0x68a,0x68d,0x68a,0x68a,0x68a,0x68a,0x68a,0x68a,0x86d,0x873,
0x883,0x87b,0x3b5,0x3b5,0x88b,0x62d,0x3b5,0x3dc,0x3b5,0x3b5,0x3b5,0x3b5,0x3b5,0x3b5,0x68a,0x893,
0x3ea,0x3b5,0x873,0x897,0x3b5,0x89f,0x8a7,0x3b5,0x3b5,0x3b5,0x3b5,0x8ab,0x3b5,0x3b5,0x682,0x3db,
0x3b5,0x3b5,0x3b5,0x3b5,0x3b5,0x3b5,0x3b5,0x3b5,0x3b5,0x3b5,0x3b5,0x3b5,0x3b5,0x3b5,0x3b5,0x3b5,
0x3b5,0x3b5,0x3b5,0x3b5,0x3b5,0x3b5,0x3b5,0x3b5,0x3b5,0x3b5,0x3b5,0x3b5,0x3b5,0x3b5,0x3b5,0x3b5,
0x3b5,0x3b5,0x3b5,0x3b5,0x3b5,0x3b5,0x3b5,0x3b5,0x3b5,0x3b5,0x3b5,0x3b5,0x3b5,0x3b5,0x3b5,0x3b5,
0x3b5,0x3b5,0x3b5,0x3b5,0x3b5,0x3b5,0x3b5,0x3b5,0x3b5,0x3b5,0x3b5,0x3b5,0x3b5,0x3b5,0x3b5,0x3b5,
0x3b5,0x3b5,0x3b5,0x3b5,0x3b5,0x3b5,0x3b5,0x3b5,0x3b5,0x3b5,0x3b5,0x3b5,0x3b5,0x3b5,0x3b5,0x3b5,
0x3b5,0x3b5,0x3b5,0x3b5,0x3b5,0x3b5,0x3b5,0x3b5,0x3b5,0x3b5,0x3b5,0x3b5,0x3b5,0x3b5,0x3b5,0x3b5,
0x3b5,0x3b5,0x3b5,0x3b5,0x3b5,0x3b5,0x3b5,0x3b5,0x3b5,0x3b5,0x3b5,0x3b5,0x3b5,0x3b5,0x3b5,0x3b5,
0x3b5,0x3b5,0x3b5,0x3b5,0x3b5,0x3b5,0x3b5,0x3b5,0x3b5,0x3b5,0x3b5,0x3b5,0x3b5,0x3b5,0x3b5,0x3b5,
0x3b5,0x3b5,0x3b5,0x3b5,0x3b5,0x3b5,0x3b5,0x3b5,0x3b5,0x3b5,0x3b5,0x3b5,0x3b5,0x3b5,0x3b5,0x3b5,
0x3b5,0x3b5,0x3b5,0x3b5,0x3b5,0x3b5,0x3b5,0x3b5,0x3b5,0x3b5,0x3b5,0x3b5,0x3b5,0x3b5,0x3b5,0x3b5,
0x3b5,0x3b5,0x3b5,0x3b5,0x3b5,0x3b5,0x3b5,0x3b5,0x3b5,0x3b5,0x3b5,0x3b5,0x3b5,0x3b5,0x3b5,0x3b5,
0x3b5,0x3b5,0x3b5,0x3b5,0x3b5,0x3b5,0x3b5,0x3b5,0x3b5,0x3b5,0x3b5,0x3b5,0x3b5,0x3b5,0x3b5,0x3b5,
0x3b5,0x3b5,0x3b5,0x3b5,0x3b5,0x3b5,0x3b5,0x3b5,0x3b5,0x3b5,0x3b5,0x3b5,0x3b5,0x3b5,0x68a,0x68a,
0x3b5,0x3b5,0x3b5,0x3b5,0x3b5,0x3b5,0x3b5,0x3b5,0x3b5,0x3b5,0x3b5,0x3b5,0x3b5,0x3b5,0x3b5,0x3b5,
0x3b5,0x3b5,0x3b5,0x3b5,0x3b5,0x3b5,0x3b5,0x3b5,0x3b5,0x3b5,0x3b5,0x3b5,0x3b5,0x3b5,0x3b5,0x3b5,
0x3b5,0x3b5,0x3b5,0x3b5,0x3b5,0x3b5,0x3b5,0x3b5,0x3b5,0x3b5,0x3b5,0x3b5,0x3b5,0x3b5,0x3b5,0x3b5,
0x3b5,0x3b5,0x3b5,0x3b5,0x3b5,0x3b5,0x3b5,0x3b5,0x3b5,0x3b5,0x3b5,0x3b5,0x3b5,0x3b5,0x3b5,0x3b5,
0x3b5,0x3b5,0x3b5,0x3b5,0x3b5,0x3b5,0x3b5,0x3b5,0x3b5,0x3b5,0x3b5,0x3b5,0x3b5,0x3b5,0x3b5,0x3b5,
0x3b5,0x3b5,0x3b5,0x3b5,0x3b5,0x3b5,0x3b5,0x3b5,0x3b5,0x3b5,0x3b5,0x3b5,0x3b5,0x3b5,0x3b5,0x3b5,
0x3b5,0x3b5,0x3b5,0x3b5,0x3b5,0x3b5,0x3b5,0x3b5,0x3b5,0x3b5,0x3b5,0x3b5,0x3b5,0x3b5,0x3b5,0x3b5,
0x3b5,0x3b5,0x3b5,0x3b5,0x3b5,0x3b5,0x3b5,0x3b5,0x3b5,0x3b5,0x3b5,0x3b5,0x3b5,0x3b5,0x3b5,0x3b5,
0x3b5,0x3b5,0x3b5,0x3b5,0x3b5,0x3b5,0x3b5,0x3b5,0x3b5,0x3b5,0x3b5,0x3b5,0x3b5,0x3b5,0x3b5,0x3b5,
0x3b5,0x3b5,0x3b5,0x3b5,0x3b5,0x3b5,0x3b5,0x3b5,0x3b5,0x3b5,0x3b5,0x3b5,0x3b5,0x3b5,0x3b5,0x3b5,
0x3b5,0x3b5,0x3b5,0x3b5,0x3b5,0x3b5,0x3b5,0x3b5,0x3b5,0x3b5,0x3b5,0x3b5,0x3b5,0x3b5,0x3b5,0x3b5,
0x3b5,0x3b5,0x3b5,0x3b5,0x3b5,0x3b5,0x3b5,0x3b5,0x3b5,0x3b5,0x3b5,0x3b5,0x3b5,0x3b5,0x3b5,0x3b5,
0x3b5,0x3b5,0x3b5,0x3b5,0x3b5,0x3b5,0x3b5,0x3b5,0x3b5,0x3b5,0x3b5,0x3b5,0x3b5,0x3b5,0x3b5,0x3b5,
0x3b5,0x3b5,0x3b5,0x3b5,0x3b5,0x3b5,0x3b5,0x3b5,0x3b5,0x3b5,0x3b5,0x3b5,0x3b5,0x3b5,0x3b5,0x3b5,
0x3b5,0x3b5,0x3b5,0x3b5,0x3b5,0x3b5,0x3b5,0x3b5,0x3b5,0x3b5,0x3b5,0x3b5,0x3b5,0x3b5,0x3b5,0x3b5,
0x3b5,0x3b5,0x3b5,0x3b5,0x3b5,0x3b5,0x3b5,0x3b5,0x3b5,0x3b5,0x3b5,0x3b5,0x3b5,0x3b5,0x3b5,0x3b5,
0x3b5,0x3b5,0x3b5,0x3b5,0x3b5,0x3b5,0x3b5,0x3b5,0x3b5,0x3b5,0x3b5,0x3b5,0x3b5,0x3b5,0x3b5,0x3b5,
0x3b5,0x3b5,0x3b5,0x3b5,0x3b5,0x3b5,0x3b5,0x3b5,0x3b5,0x3b5,0x3b5,0x3b5,0x3b5,0x3b5,0x3b5,0x3b5,
0x3b5,0x3b5,0x3b5,0x3b5,0x3b5,0x3b5,0x3b5,0x3b5,0x3b5,0x3b5,0x3b5,0x3b5,0x3b5,0x3b5,0x3b5,0x3b5,
0x3b5,0x3b5,0x3b5,0x3b5,0x3b5,0x3b5,0x3b5,0x3b5,0x3b5,0x3b5,0x3b5,0x3b5,0x3b5,0x3b5,0x3b5,0x3b5,
0x3b5,0x3b5,0x3b5,0x3b5,0x3b5,0x3b5,0x3b5,0x3b5,0x3b5,0x3b5,0x3b5,0x3b5,0x3b5,0x3b5,0x3b5,0x3b5,
0x3b5,0x3b5,0x3b5,0x3b5,0x3b5,0x3b5,0x3b5,0x3b5,0x3b5,0x3b5,0x3b5,0x3b5,0x3b5,0x3b5,0x3b5,0x3b5,
0x3b5,0x3b5,0x3b5,0x3b5,0x3b5,0x3b5,0x3b5,0x3b5,0x3b5,0x3b5,0x3b5,0x3b5,0x3b5,0x3b5,0x3b5,0x3b5,
0x3b5,0x3b5,0x3b5,0x3b5,0x3b5,0x3b5,0x3b5,0x3b5,0x3b5,0x3b5,0x3b5,0x3b5,0x3b5,0x3b5,0x3b5,0x3b5,
0x3b5,0x3b5,0x3b5,0x3b5,0x3b5,0x3b5,0x3b5,0x3b5,0x3b5,0x3b5,0x3b5,0x3b5,0x3b5,0x3b5,0x3b5,0x3b5,
0x3b5,0x3b5,0x3b5,0x3b5,0x3b5,0x3b5,0x3b5,0x3b5,0x3b5,0x3b5,0x3b5,0x3b5,0x3b5,0x3b5,0x3b5,0x3b5,
0x3b5,0x3b5,0x3b5,0x3b5,0x3b5,0x3b5,0x3b5,0x3b5,0x3b5,0x3b5,0x3b5,0x3b5,0x3b5,0x3b5,0x3b5,0x3b5,
0x3b5,0x3b5,0x3b5,0x3b5,0x3b5,0x3b5,0x3b5,0x3b5,0x3b5,0x3b5,0x3b5,0x3b5,0x3b5,0x3b5,0x3b5,0x3b5,
0x3b5,0x3b5,0x3b5,0x3b5,0x3b5,0x3b5,0x3b5,0x3b5,0x3b5,0x3b5,0x3b5,0x3b5,0x3b5,0x3b5,0x3b5,0x3b5,
0x3b5,0x3b5,0x3b5,0x3b5,0x3b5,0x3b5,0x3b5,0x3b5,0x3b5,0x3b5,0x3b5,0x3b5,0x3b5,0x3b5,0x3b5,0x3b5,
0x3b5,0x3b5,0x3b5,0x3b5,0x3b5,0x3b5,0x3b5,0x3b5,0x3b5,0x3b5,0x3b5,0x3b5,0x3b5,0x3b5,0x3b5,0x3b5,
0x3b5,0x3b5,0x3b5,0x3b5,0x3b5,0x3b5,0x3b5,0x3b5,0x3b5,0x3b5,0x3b5,0x3b5,0x3b5,0x3b5,0x3b5,0x3b5,
0x3b5,0x3b5,0x3b5,0x3b5,0x3b5,0x3b5,0x3b5,0x3b5,0x3b5,0x3b5,0x3b5,0x3b5,0x3b5,0x3b5,0x3b5,0x3b5,
0x3b5,0x3b5,0x3b5,0x3b5,0x3b5,0x3b5,0x3b5,0x3b5,0x3b5,0x3b5,0x3b5,0x3b5,0x3b5,0x3b5,0x3b5,0x3b5,
0x3b5,0x3b5,0x3b5,0x3b5,0x3b5,0x3b5,0x3b5,0x3b5,0x3b5,0x3b5,0x3b5,0x3b5,0x3b5,0x3b5,0x3b5,0x3b5,
0x3b5,0x3b5,0x3b5,0x3b5,0x3b5,0x3b5,0x3b5,0x3b5,0x3b5,0x3b5,0x3b5,0x3b5,0x3b5,0x3b5,0x3b5,0x3b5,
0x3b5,0x3b5,0x3b5,0x3b5,0x3b5,0x3b5,0x3b5,0x3b5,0x3b5,0x3b5,0x3b5,0x3b5,0x3b5,0x3b5,0x3b5,0x3b5,
0x3b5,0x3b5,0x3b5,0x3b5,0x3b5,0x3b5,0x3b5,0x3b5,0x3b5,0x3b5,0x3b5,0x3b5,0x3b5,0x3b5,0x3b5,0x3b5,
0x3b5,0x3b5,0x3b5,0x3b5,0x3b5,0x3b5,0x3b5,0x3b5,0x3b5,0x3b5,0x3b5,0x3b5,0x3b5,0x3b5,0x3b5,0x3b5,
0x3b5,0x3b5,0x3b5,0x3b5,0x3b5,0x3b5,0x3b5,0x3b5,0x3b5,0x3b5,0x3b5,0x3b5,0x3b5,0x3b5,0x3b5,0x3b5,
0x3b5,0x3b5,0x3b5,0x3b5,0x3b5,0x3b5,0x3b5,0x3b5,0x3b5,0x3b5,0x3b5,0x3b5,0x3b5,0x3b5,0x3b5,0x3b5,
0x3b5,0x3b5,0x3b5,0x3b5,0x3b5,0x3b5,0x3b5,0x3b5,0x3b5,0x3b5,0x3b5,0x3b5,0x3b5,0x3b5,0x3b5,0x3b5,
0x3b5,0x3b5,0x3b5,0x3b5,0x3b5,0x3b5,0x3b5,0x3b5,0x3b5,0x3b5,0x3b5,0x3b5,0x3b5,0x3b5,0x3b5,0x3b5,
0x3b5,0x3b5,0x3b5,0x3b5,0x873,0x68a,0x5a3,0x3b5,0x3b5,0x3b5,0x3b5,0x3b5,0x3b5,0x3b5,0x3b5,0x3b5,
0x8b2,0x3b5,0x3b5,0x8b7,0x8bf,0x3b5,0x3b5,0x5d9,0x68a,0x681,0x3b5,0x3b5,0x8c7,0x3b5,0x3b5,0x3b5,
0x8cf,0x8d6,0x653,0x8de,0x3b5,0x3b5,0x5af,0x8e6,0x3b5,0x8ee,0x8f5,0x3b5,0x50f,0x8fa,0x3b5,0x528,
0x3b5,0x902,0x90a,0x52a,0x3b5,0x90e,0x529,0x916,0x3b5,0x3b5,0x3b5,0x91c,0x3b5,0x3b5,0x3b5,0x923,
0x3b5,0x3b5,0x3b5,0x3b5,0x3b5,0x3b5,0x3b5,0x3b5,0x3b5,0x3b5,0x3b5,0x3b5,0x3b5,0x3b5,0x3b5,0x3b5,
0x3b5,0x3b5,0x3b5,0x3b5,0x3b5,0x3b5,0x3b5,0x3b5,0x3b5,0x3b5,0x3b5,0x3b5,0x3b5,0x3b5,0x3b5,0x3b5,
0x3b5,0x3b5,0x3b5,0x3b5,0x3b5,0x3b5,0x3b5,0x3b5,0x3b5,0x3b5,0x3b5,0x3b5,0x3b5,0x3b5,0x3b5,0x3b5,
0x3b5,0x3b5,0x3b5,0x3b5,0x3b5,0x3b5,0x3b5,0x3b5,0x3b5,0x3b5,0x3b5,0x3b5,0x3b5,0x3b5,0x3b5,0x3b5,
0x3b5,0x3b5,0x3b5,0x3b5,0x3b5,0x3b5,0x3b5,0x3b5,0x3b5,0x3b5,0x3b5,0x3b5,0x3b5,0x3b5,0x3b5,0x3b5,
0x3b5,0x3b5,0x3b5,0x3b5,0x3b5,0x3b5,0x3b5,0x3b5,0x3b5,0x3b5,0x3b5,0x3b5,0x3b5,0x3b5,0x3b5,0x3b5,
0x3b5,0x3b5,0x3b5,0x3b5,0x3b5,0x3b5,0x3b5,0x3b5,0x3b5,0x3b5,0x3b5,0x3b5,0x3b5,0x3b5,0x3b5,0x3b5,
0x3b5,0x3b5,0x3b5,0x3b5,0x3b5,0x3b5,0x3b5,0x3b5,0x3b5,0x3b5,0x3b5,0x3b5,0x3b5,0x3b5,0x3b5,0x3b5,
0x3b5,0x3b5,0x3b5,0x3b5,0x3b5,0x3b5,0x3b5,0x3b5,0x3b5,0x3b5,0x3b5,0x3b5,0x3b5,0x3b5,0x3b5,0x3b5,
0x3b5,0x3b5,0x3b5,0x3b5,0x3b5,0x3b5,0x3b5,0x3b5,0x3b5,0x3b5,0x3b5,0x3b5,0x3b5,0x3b5,0x3b5,0x3b5,
0x3b5,0x3b5,0x3b5,0x3b5,0x3b5,0x3b5,0x3b5,0x3b5,0x3b5,0x3b5,0x3b5,0x3b5,0x3b5,0x3b5,0x3b5,0x3b5,
0x3b5,0x3b5,0x3b5,0x3b5,0x3b5,0x3b5,0x3b5,0x3b5,0x3b5,0x3b5,0x3b5,0x3b5,0x3b5,0x3b5,0x3b5,0x3b5,
0x3b5,0x3b5,0x3b5,0x3b5,0x3b5,0x3b5,0x3b5,0x3b5,0x3b5,0x3b5,0x3b5,0x3b5,0x3b5,0x3b5,0x3b5,0x3b5,
0x3b5,0x3b5,0x3b5,0x3b5,0x3b5,0x3b5,0x3b5,0x3b5,0x3b5,0x3b5,0x3b5,0x3b5,0x3b5,0x3b5,0x3b5,0x3b5,
0x3b5,0x3b5,0x3b5,0x3b5,0x3b5,0x3b5,0x3b5,0x3b5,0x3b5,0x3b5,0x3b5,0x3b5,0x3b5,0x3b5,0x3b5,0x3b5,
0x3b5,0x3b5,0x3b5,0x3b5,0x3b5,0x3b5,0x3b5,0x3b5,0x3b5,0x3b5,0x3b5,0x3b5,0x3b5,0x3b5,0x3b5,0x3b5,
0x3b5,0x3b5,0x3b5,0x3b5,0x3b5,0x3b5,0x3b5,0x3b5,0x3b5,0x3b5,0x3b5,0x3b5,0x3b5,0x3b5,0x3b5,0x3b5,
0x3b5,0x3b5,0x3b5,0x3b5,0x3b5,0x3b5,0x3b5,0x3b5,0x3b5,0x3b5,0x3b5,0x3b5,0x3b5,0x3b5,0x3b5,0x3b5,
0x3b5,0x3b5,0x3b5,0x3b5,0x3b5,0x3b5,0x3b5,0x3b5,0x3b5,0x3b5,0x3b5,0x3b5,0x3b5,0x3b5,0x3b5,0x3b5,
0x3b5,0x3b5,0x3b5,0x3b5,0x3b5,0x3b5,0x3b5,0x3b5,0x3b5,0x3b5,0x3b5,0x3b5,0x3b5,0x3b5,0x3b5,0x3b5,
0x3b5,0x3b5,0x3b5,0x3b5,0x3b5,0x3b5,0x3b5,0x3b5,0x3b5,0x3b5,0x3b5,0x3b5,0x3b5,0x3b5,0x3b5,0x3b5,
0x3b5,0x3b5,0x3b5,0x3b5,0x3b5,0x3b5,0x3b5,0x3b5,0x3b5,0x3b5,0x3b5,0x3b5,0x3b5,0x3b5,0x3b5,0x3b5,
0x3b5,0x3b5,0x3b5,0x3b5,0x3b5,0x3b5,0x3b5,0x3b5,0x3b5,0x3b5,0x3b5,0x3b5,0x3b5,0x3b5,0x3b5,0x3b5,
0x3b5,0x3b5,0x3b5,0x3b5,0x3b5,0x3b5,0x3b5,0x3b5,0x3b5,0x3b5,0x3b5,0x3b5,0x3b5,0x3b5,0x3b5,0x3b5,
0x3b5,0x3b5,0x3b5,0x3b5,0x3b5,0x3b5,0x3b5,0x3b5,0x3b5,0x3b5,0x3b5,0x3b5,0x3b5,0x3b5,0x3b5,0x3b5,
0x3b5,0x3b5,0x3b5,0x3b5,0x3b5,0x3b5,0x3b5,0x3b5,0x3b5,0x3b5,0x3b5,0x3b5,0x3b5,0x3b5,0x3b5,0x3b5,
0x3b5,0x3b5,0x3b5,0x3b5,0x3b5,0x3b5,0x3b5,0x3b5,0x3b5,0x3b5,0x3b5,0x3b5,0x3b5,0x3b5,0x3b5,0x3b5,
0x3b5,0x3b5,0x3b5,0x3b5,0x3b5,0x3b5,0x3b5,0x3b5,0x3b5,0x3b5,0x3b5,0x3b5,0x3b5,0x3b5,0x3b5,0x3b5,
0x3b5,0x3b5,0x3b5,0x3b5,0x3b5,0x3b5,0x3b5,0x3b5,0x3b5,0x3b5,0x3b5,0x3b5,0x3b5,0x3b5,0x3b5,0x3b5,
0x3b5,0x3b5,0x3b5,0x3b5,0x3b5,0x3b5,0x3b5,0x3b5,0x3b5,0x3b5,0x3b5,0x3b5,0x3b5,0x3b5,0x3b5,0x3b5,
0x3b5,0x3b5,0x3b5,0x3b5,0x3b5,0x3b5,0x3b5,0x3b5,0x3b5,0x3b5,0x3b5,0x3b5,0x3b5,0x3b5,0x3b5,0x3b5,
0x3b5,0x3b5,0x3b5,0x3b5,0x3b5,0x3b5,0x3b5,0x3b5,0x3b5,0x3b5,0x3b5,0x3b5,0x3b5,0x3b5,0x3b5,0x3b5,
0x3b5,0x3b5,0x3b5,0x3b5,0x3b5,0x3b5,0x3b5,0x3b5,0x3b5,0x3b5,0x3b5,0x3b5,0x3b5,0x3b5,0x3b5,0x3b5,
0x3b5,0x3b5,0x3b5,0x3b5,0x3b5,0x3b5,0x3b5,0x3b5,0x3b5,0x3b5,0x3b5,0x3b5,0x3b5,0x3b5,0x3b5,0x3b5,
0x3b5,0x3b5,0x3b5,0x3b5,0x3b5,0x3b5,0x3b5,0x3b5,0x3b5,0x3b5,0x3b5,0x3b5,0x3b5,0x3b5,0x3b5,0x3b5,
0x3b5,0x3b5,0x3b5,0x3b5,0x3b5,0x3b5,0x3b5,0x3b5,0x3b5,0x3b5,0x3b5,0x3b5,0x3b5,0x3b5,0x3b5,0x3b5,
0x3b5,0x3b5,0x3b5,0x3b5,0x3b5,0x3b5,0x3b5,0x3b5,0x3b5,0x3b5,0x3b5,0x3b5,0x3b5,0x3b5,0x3b5,0x3b5,
0x3b5,0x3b5,0x3b5,0x3b5,0x3b5,0x3b5,0x3b5,0x3b5,0x3b5,0x3b5,0x3b5,0x3b5,0x3b5,0x3b5,0x3b5,0x3b5,
0x3b5,0x3b5,0x3b5,0x3b5,0x3b5,0x3b5,0x3b5,0x3b5,0x3b5,0x3b5,0x3b5,0x3b5,0x3b5,0x3b5,0x3b5,0x3b5,
0x3b5,0x3b5,0x3b5,0x3b5,0x3b5,0x3b5,0x3b5,0x3b5,0x937,0x92b,0x92f,0x4b4,0x4b4,0x4b4,0x93f,0x4b4,
0x4b4,0x4b4,0x4b4,0x4b4,0x4b4,0x4b4,0x4b4,0x4b4,0x4b4,0x944,0x94c,0x4b4,0x950,0x4b4,0x956,0x95a,
0x962,0x96a,0x96e,0x976,0x4b4,0x4b4,0x4b4,0x97a,0x982,0x3a5,0x98a,0x992,0x3b5,0x3b5,0x3b5,0x99a,
0x3b5,0x3b5,0x3b5,0x3b5,0x3b5,0x3b5,0x3b5,0x3b5,0x3b5,0x3b5,0x3b5,0x3b5,0x3b5,0x3b5,0x3b5,0x3b5,
0x3b5,0x3b5,0x3b5,0x3b5,0x3b5,0x3b5,0x3b5,0x3b5,0x3b5,0x3b5,0x3b5,0x3b5,0x3b5,0x3b5,0x3b5,0x3b5,
0xed4,0xed4,0xf14,0xf54,0xed4,0xed4,0xed4,0xed4,0xed4,0xed4,0xf8c,0xfcc,0x100c,0x101c,0x105c,0x1068,
0xed4,0xed4,0x10a8,0xed4,0xed4,0xed4,0x10e0,0x1120,0x1160,0x11a0,0x11d8,0x1218,0x1258,0x1290,0x12d0,0x1310,
0xa40,0xa80,0xac0,0xaff,0x1a0,0x1a0,0xb3f,0x1a0,0x1a0,0x1a0,0x1a0,0x1a0,0xb77,0xba0,0x1a0,0x1a0,
0x1a0,0x1a0,0x1a0,0x1a0,0x1a0,0x1a0,0x1a0,0xbe0,0x1a0,0xc06,0xc41,0xc81,0xcc1,0xd01,0xd41,0xd81,
0x1a0,0x1a0,0x1a0,0x1a0,0x1a0,0x1a0,0x1a0,0x1a0,0x1a0,0x1a0,0x1a0,0x1a0,0x1a0,0x1a0,0x1a0,0x1a0,
0x1a0,0x1a0,0x1a0,0x1a0,0x1a0,0x1a0,0x1a0,0x1a0,0x1a0,0x1a0,0x1a0,0x1a0,0x1a0,0x1a0,0x1a0,0xdc1,
0x1a0,0x1a0,0x1a0,0x1a0,0x1a0,0x1a0,0x1a0,0x1a0,0x1a0,0x1a0,0x1a0,0x1a0,0x1a0,0x1a0,0x1a0,0x1a0,
0x1a0,0x1a0,0x1a0,0x1a0,0x1a0,0x1a0,0x1a0,0x1a0,0x1a0,0x1a0,0x1a0,0x1a0,0x1a0,0x1a0,0x1a0,0xdc1,
0x1a0,0x1a0,0x1a0,0x1a0,0x1a0,0x1a0,0x1a0,0x1a0,0x1a0,0x1a0,0x1a0,0x1a0,0x1a0,0x1a0,0x1a0,0x1a0,
0x1a0,0x1a0,0x1a0,0x1a0,0x1a0,0x1a0,0x1a0,0x1a0,0x1a0,0x1a0,0x1a0,0x1a0,0x1a0,0x1a0,0x1a0,0xdc1,
0x1a0,0x1a0,0x1a0,0x1a0,0x1a0,0x1a0,0x1a0,0x1a0,0x1a0,0x1a0,0x1a0,0x1a0,0x1a0,0x1a0,0x1a0,0x1a0,
0x1a0,0x1a0,0x1a0,0x1a0,0x1a0,0x1a0,0x1a0,0x1a0,0x1a0,0x1a0,0x1a0,0x1a0,0x1a0,0x1a0,0x1a0,0xdc1,
0x1a0,0x1a0,0x1a0,0x1a0,0x1a0,0x1a0,0x1a0,0x1a0,0x1a0,0x1a0,0x1a0,0x1a0,0x1a0,0x1a0,0x1a0,0x1a0,
0x1a0,0x1a0,0x1a0,0x1a0,0x1a0,0x1a0,0x1a0,0x1a0,0x1a0,0x1a0,0x1a0,0x1a0,0x1a0,0x1a0,0x1a0,0xdc1,
0x1a0,0x1a0,0x1a0,0x1a0,0x1a0,0x1a0,0x1a0,0x1a0,0x1a0,0x1a0,0x1a0,0x1a0,0x1a0,0x1a0,0x1a0,0x1a0,
0x1a0,0x1a0,0x1a0,0x1a0,0x1a0,0x1a0,0x1a0,0x1a0,0x1a0,0x1a0,0x1a0,0x1a0,0x1a0,0x1a0,0x1a0,0xdc1,
0x1a0,0x1a0,0x1a0,0x1a0,0x1a0,0x1a0,0x1a0,0x1a0,0x1a0,0x1a0,0x1a0,0x1a0,0x1a0,0x1a0,0x1a0,0x1a0,
0x1a0,0x1a0,0x1a0,0x1a0,0x1a0,0x1a0,0x1a0,0x1a0,0x1a0,0x1a0,0x1a0,0x1a0,0x1a0,0x1a0,0x1a0,0xdc1,
0x1a0,0x1a0,0x1a0,0x1a0,0x1a0,0x1a0,0x1a0,0x1a0,0x1a0,0x1a0,0x1a0,0x1a0,0x1a0,0x1a0,0x1a0,0x1a0,
0x1a0,0x1a0,0x1a0,0x1a0,0x1a0,0x1a0,0x1a0,0x1a0,0x1a0,0x1a0,0x1a0,0x1a0,0x1a0,0x1a0,0x1a0,0xdc1,
0x1a0,0x1a0,0x1a0,0x1a0,0x1a0,0x1a0,0x1a0,0x1a0,0x1a0,0x1a0,0x1a0,0x1a0,0x1a0,0x1a0,0x1a0,0x1a0,
0x1a0,0x1a0,0x1a0,0x1a0,0x1a0,0x1a0,0x1a0,0x1a0,0x1a0,0x1a0,0x1a0,0x1a0,0x1a0,0x1a0,0x1a0,0xdc1,
0x1a0,0x1a0,0x1a0,0x1a0,0x1a0,0x1a0,0x1a0,0x1a0,0x1a0,0x1a0,0x1a0,0x1a0,0x1a0,0x1a0,0x1a0,0x1a0,
0x1a0,0x1a0,0x1a0,0x1a0,0x1a0,0x1a0,0x1a0,0x1a0,0x1a0,0x1a0,0x1a0,0x1a0,0x1a0,0x1a0,0x1a0,0xdc1,
0x1a0,0x1a0,0x1a0,0x1a0,0x1a0,0x1a0,0x1a0,0x1a0,0x1a0,0x1a0,0x1a0,0x1a0,0x1a0,0x1a0,0x1a0,0x1a0,
0x1a0,0x1a0,0x1a0,0x1a0,0x1a0,0x1a0,0x1a0,0x1a0,0x1a0,0x1a0,0x1a0,0x1a0,0x1a0,0x1a0,0x1a0,0xdc1,
0x1a0,0x1a0,0x1a0,0x1a0,0x1a0,0x1a0,0x1a0,0x1a0,0x1a0,0x1a0,0x1a0,0x1a0,0x1a0,0x1a0,0x1a0,0x1a0,
0x1a0,0x1a0,0x1a0,0x1a0,0x1a0,0x1a0,0x1a0,0x1a0,0x1a0,0x1a0,0x1a0,0x1a0,0x1a0,0x1a0,0x1a0,0xdc1,
0xe01,0xe11,0x1a0,0x1a0,0x1a0,0x1a0,0x1a0,0x1a0,0x1a0,0x1a0,0x1a0,0x1a0,0x1a0,0x1a0,0x1a0,0x1a0,
0x1a0,0x1a0,0x1a0,0x1a0,0x1a0,0x1a0,0x1a0,0x1a0,0x1a0,0x1a0,0x1a0,0x1a0,0x1a0,0x1a0,0x1a0,0xdc1,
0x1a0,0x1a0,0x1a0,0x1a0,0x1a0,0x1a0,0x1a0,0x1a0,0x1a0,0x1a0,0x1a0,0x1a0,0x1a0,0x1a0,0x1a0,0x1a0,
0x1a0,0x1a0,0x1a0,0x1a0,0x1a0,0x1a0,0x1a0,0x1a0,0x1a0,0x1a0,0x1a0,0x1a0,0x1a0,0x1a0,0x1a0,0xdc1,
0x1a0,0x1a0,0x1a0,0x1a0,0x1a0,0x1a0,0x1a0,0x1a0,0x1a0,0x1a0,0x1a0,0x1a0,0x1a0,0x1a0,0x1a0,0x1a0,
0x1a0,0x1a0,0x1a0,0x1a0,0x1a0,0x1a0,0x1a0,0x1a0,0x1a0,0x1a0,0x1a0,0x1a0,0x1a0,0x1a0,0x1a0,0xdc1,
0x3b5,0x3b5,0x3b5,0x3b5,0x3b5,0x3b5,0x3b5,0x3b5,0x9a2,0x3b5,0x68a,0x68a,0x9aa,0x62d,0x3b5,0x522,
0x3b5,0x3b5,0x3b5,0x3b5,0x3b5,0x3b5,0x3b5,0x9b2,0x3b5,0x3b5,0x3b5,0x9b9,0x3b5,0x3b5,0x3b5,0x3b5,
0x3b5,0x3b5,0x3b5,0x3b5,0x3b5,0x3b5,0x3b5,0x3b5,0x3b5,0x3b5,0x3b5,0x3b5,0x3b5,0x3b5,0x3b5,0x3b5,
0x3b5,0x3b5,0x3b5,0x3b5,0x3b5,0x3b5,0x3b5,0x3b5,0x3b5,0x3b5,0x3b5,0x3b5,0x3b5,0x3b5,0x3b5,0x3b5,
0x44a,0x44a,0x44a,0x44a,0x44a,0x44a,0x44a,0x44a,0x9c1,0x44a,0x44a,0x44a,0x44a,0x44a,0x44a,0x44a,
0x9c9,0x9cd,0x44a,0x44a,0x44a,0x44a,0x9dd,0x9d5,0x44a,0x9e5,0x44a,0x44a,0x9ed,0x9f3,0x44a,0x44a,
0x44a,0x44a,0x44a,0x44a,0x44a,0x44a,0x44a,0x44a,0xa03,0x9fb,0xa13,0xa0b,0x44a,0x44a,0x44a,0x44a,
0x44a,0x44a,0x44a,0xa1b,0x44a,0xa23,0xa2b,0x4b7,0x44a,0xa33,0xa3a,0xa40,0xa48,0xa4c,0xa54,0x44a,
0x529,0xa5c,0xa63,0xa6a,0x42c,0xa72,0x577,0x3b5,0x50f,0xa79,0x3b5,0xa7f,0x42c,0xa84,0xa8c,0x3b5,
0x3b5,0xa91,0x529,0x3b5,0x3b5,0x3b5,0x84b,0xa99,0x42c,0x5b1,0x58c,0xaa0,0x3b5,0xaa6,0xaae,0x542,
0x3b5,0xa5c,0xab6,0x3b5,0x3b5,0xabe,0xac6,0x3b5,0x3b5,0x3b5,0x3b5,0x3b5,0x3b5,0xaca,0xad2,0x3b5,
0x3b5,0xada,0x58c,0xae2,0x3b5,0xae8,0x3b5,0x3b5,0xaee,0xaf6,0x3b5,0x3b5,0x3b5,0x3b5,0x3b5,0x3b5,
0xafb,0x3b5,0x3b5,0x3b5,0x3b5,0x3b5,0x3b5,0x3b5,0xb02,0xb0a,0x3b5,0x3b5,0x3b5,0xb0d,0x58c,0xb15,
0xb19,0xb21,0x3b5,0xb28,0x3b5,0x3b5,0x3b5,0x3b5,0x3b5,0x3b5,0xb30,0x3b5,0x3b5,0x3b5,0x3b5,0x3b5,
0xb34,0x3b5,0x3b5,0xb42,0xb3c,0x3b5,0x3b5,0x3b5,0xb4a,0xaec,0x3b5,0xb52,0x3b5,0x3b5,0x3b5,0x3b5,
0x3b5,0x3b5,0x3b5,0x3b5,0x3b5,0x3b5,0x5b3,0x42c,0x9b9,0xab7,0x3b5,0x3b5,0x3b5,0xb5f,0xb5a,0x3b5,
0x3b5,0x3b5,0x3b5,0x3b5,0x3b5,0x3b5,0x3b5,0x3b5,0x3b5,0x3b5,0x3b5,0x3b5,0x3b5,0x3b5,0x3b5,0x3b5,
0x3b5,0x3b5,0x3b5,0x3b5,0x3b5,0x3b5,0x3b5,0x3b5,0x3b5,0x3b5,0x3b5,0x3b5,0x3b5,0x3b5,0x3b5,0x3b5,
0xb67,0xb6f,0x3b5,0x3b5,0x3b5,0x3b5,0x3b5,0x3b5,0x3b5,0x3b5,0x3b5,0x3b5,0x3b5,0x3b5,0x3b5,0x3b5,
0x3b5,0x3b5,0x3b5,0x3b5,0x3b5,0x3b5,0x3b5,0x3b5,0x3b5,0x3b5,0x3b5,0x3b5,0x3b5,0x3b5,0x3b5,0x8bf,
0xb77,0x3b5,0x3b5,0x3b5,0x3b5,0x3b5,0x3b5,0x3b5,0x3b5,0x3b5,0x3b5,0x3b5,0x3b5,0x3b5,0x3b5,0x3b5,
0x3b5,0x3b5,0x3b5,0x3b5,0x3b5,0x3b5,0x3b5,0x3b5,0x3b5,0x3b5,0x3b5,0x3b5,0x3b5,0x3b5,0x3b5,0x3b5,
0x3b5,0x3b5,0x3b5,0x3b5,0x3b5,0x3b5,0x3b5,0x3b5,0x3b5,0x3b5,0x3b5,0x3b5,0x3b5,0x3b5,0x3b5,0x3b5,
0x3b5,0x3b5,0x3b5,0x3b5,0x3b5,0x3b5,0x3b5,0xb7b,0x3b5,0xb81,0x3b5,0x3b5,0x3b5,0x3b5,0x3b5,0x3b5,
0x3b5,0x3b5,0x3b5,0x3b5,0x3b5,0x3b5,0x3b5,0x3b5,0x3b5,0x3b5,0x3b5,0x3b5,0x3b5,0x3b5,0x3b5,0x3b5,
0x3b5,0x3b5,0x3b5,0x3b5,0x3b5,0x3b5,0x3b5,0x3b5,0x3b5,0x3b5,0xa80,0x3b5,0xb87,0x3b5,0x3b5,0xb8f,
0x3b5,0x3b5,0x3b5,0x3b5,0x3b5,0x3b5,0x3b5,0x3b5,0x3b5,0x3b5,0x3b5,0x3b5,0x3b5,0x3b5,0x3b5,0x3b5,
0x3b5,0x3b5,0x3b5,0x3b5,0x3b5,0x3b5,0x3b5,0x3b5,0x3b5,0x3b5,0x3b5,0x3b5,0x3b5,0x3b5,0x3b5,0x3b5,
0x3b5,0x3b5,0x3b5,0x3b5,0x543,0xb97,0x3b5,0x3b5,0x3b5,0x3b5,0x3b5,0x3b5,0x3b5,0x3b5,0x3b5,0x3b5,
0x3b5,0x3b5,0x3b5,0x3b5,0x3b5,0x3b5,0x3b5,0x3b5,0x3b5,0x3b5,0x3b5,0x3b5,0x3b5,0x3b5,0x3b5,0x3b5,
0x3b5,0x3b5,0x3b5,0x3b5,0x3b5,0x3b5,0x68a,0x68a,0x68a,0x68a,0x68a,0x68a,0x86d,0xb9b,0x68a,0x68a,
0x68a,0x68a,0x68a,0x68a,0x68a,0x68a,0x68a,0x68a,0x68a,0x68a,0x68a,0xba3,0xbaa,0xbaa,0x403,0xbb2,
0x50e,0x3b5,0x3b5,0x3b5,0x3b5,0x3b5,0x3b5,0x3b5,0x3b5,0x3b5,0x3b5,0x3b5,0xbba,0xbc2,0xbc8,0x3b5,
0xbce,0x68a,0x68a,0xbd6,0x3b5,0x3b5,0x3b5,0x3b5,0x3b5,0x68a,0x68a,0xbde,0x3b5,0x3b5,0x3b5,0x3b5,
0x3b5,0x3b5,0x3b5,0x3b5,0x3b5,0x3b5,0x3b5,0x3b5,0x3b5,0x3b5,0x3b5,0x3b5,0x3b5,0x3b5,0x3b5,0x3b5,
0x3b5,0x3b5,0x3b5,0x3b5,0x3b5,0x3b5,0x3b5,0xbe6,0x3dc,0xbed,0xbf3,0xbe9,0x3d7,0xbf0,0xbe4,0xbfb,
0xbff,0x3b5,0x3b5,0x3b5,0x3b5,0x3b5,0x3b5,0x3b5,0x3b5,0x3b5,0x3b5,0x3b5,0x3b5,0x3b5,0x3b5,0x3b5,
0x3b5,0x403,0xc07,0x403,0xc0e,0xc15,0xc1d,0x3b5,0x3b5,0x3b5,0x3b5,0x3b5,0x3b5,0x3b5,0x3b5,0x3b5,
0x3b5,0x3b5,0x3b5,0x3b5,0x3b5,0x3b5,0x3b5,0x3b5,0x3b5,0x3b5,0x3b5,0x3b5,0x3b5,0x3b5,0x3b5,0x3b5,
0x3b5,0x3b5,0x3b5,0x3b5,0x3b5,0x3b5,0x3b5,0x3b5,0x3b5,0x3b5,0x3b5,0x3b5,0x3b5,0x3b5,0x3b5,0x3b5,
0x3b5,0xc25,0xc2d,0x3b5,0x3b5,0xa80,0x3b5,0x3b5,0x3b5,0x3b5,0xb81,0x3b5,0x3b5,0x3b5,0x3b5,0x3b5,
0x3b5,0x3b5,0x3b5,0x3b5,0x3b5,0x3b5,0xaba,0x3b5,0xc32,0x3b5,0x3b5,0x3b5,0x3b5,0x3b5,0x3b5,0x3b5,
0x3b5,0x3b5,0x3b5,0x3b5,0x3b5,0x3b5,0x3b5,0x3b5,0xc3a,0x3b5,0x3b5,0x3b5,0x3b5,0x3b5,0x3b5,0x3b5,
0xc3f,0x3b5,0x3b5,0x3b5,0x3b5,0x3b5,0x3b5,0x3b5,0xc47,0x3b5,0x3b5,0x3b5,0x3b5,0x3b5,0x3b5,0x3b5,
0x3b5,0x44a,0x44a,0x44a,0x44a,0x44a,0x44a,0xc4f,0x44a,0xc57,0xc57,0xc5e,0x44a,0x44a,0x44a,0x44a,
0x44a,0x44a,0x44a,0x44a,0x44a,0x44a,0x44a,0x44a,0x44a,0x44a,0x44a,0x44a,0x44a,0x44a,0x44a,0x44a,
0x44a,0x44a,0x44a,0x44a,0x92f,0x4b4,0x4b4,0x44a,0x44a,0x4b4,0x4b4,0xc66,0x44a,0x44a,0x44a,0x44a,
0x44a,0x4b4,0x4b4,0x4b4,0x4b4,0x4b4,0x4b4,0x4b4,0x950,0x44a,0x44a,0x44a,0x44a,0x44a,0x44a,0x44a,
0x44a,0x68a,0xc6e,0x68a,0x68a,0x68d,0xc73,0xc77,0x86d,0xc7f,0x3d7,0x3b5,0xc85,0x3b5,0xc8a,0x3b5,
0x3b5,0x3b5,0x3b5,0x3b5,0x79e,0x3b5,0x3b5,0x3b5,0x3b5,0x68a,0x68a,0x68a,0x68a,0x68a,0x68a,0x68a,
0x68a,0x68a,0x68a,0x68a,0x68a,0x68a,0x68a,0x68a,0x68a,0x68a,0x68a,0x68a,0x68a,0x68a,0x68a,0x68a,
0x68a,0x68a,0x68a,0x68a,0x68a,0x68a,0x68a,0xc92,0x9aa,0x68a,0x68a,0x68a,0x68a,0x68a,0x68a,0xc99,
0xca1,0xc6e,0x68a,0xca9,0x68a,0xcb1,0xcb6,0xcbe,0x3b5,0x68a,0x68a,0x68a,0x68a,0x68a,0x68a,0x68a,
0x68a,0x68a,0x68a,0x68c,0xcc6,0xcce,0x68a,0xcd5,0xcdd,0x68a,0x68a,0x68a,0x68a,0xce5,0x68a,0x68a,
0xcea,0x3b5,0x3b5,0x3b5,0x3b5,0x3b5,0x3b5,0x3b5,0x3b5,0x3b5,0x3b5,0x3b5,0x3b5,0x3b5,0x3b5,0x3b5,
0x3b5,0x3b5,0x3b5,0x3b5,0x3b5,0x3b5,0x3b5,0x3b5,0x3b5,0x3b5,0x3b5,0x3b5,0x3b5,0x3b5,0x3b5,0x3b5,
0xcf1,0x3b5,0x3b5,0x3b5,0x3b5,0x3b5,0x3b5,0x3b5,0x3b5,0x3b5,0x3b5,0x3b5,0x3b5,0x3b5,0x3b5,0x3b5,
0x3b5,0x3b5,0x3b5,0x3b5,0x3b5,0x3b5,0x3b5,0x3b5,0x3b5,0x3b5,0x3b5,0x3b5,0x3b5,0x3b5,0x3b5,0x3b5,
0x3b5,0x3b5,0x3b5,0x3b5,0x3b5,0x3b5,0x3b5,0x3b5,0x3b5,0x3b5,0x3b5,0x3b5,0x3b5,0x3b5,0x3b5,0x3b5,
0x3b5,0x3b5,0x3b5,0x3b5,0x3b5,0x3b5,0x3b5,0x3b5,0x3b5,0x3b5,0x3b5,0x3b5,0x3b5,0x3b5,0x3b5,0x3b5,
0xcf1,0xd01,0xcf9,0xcf9,0xcf9,0xd02,0xd02,0xd02,0xd02,0x403,0x403,0x403,0x403,0x403,0x403,0x403,
0xd0a,0xd02,0xd02,0xd02,0xd02,0xd02,0xd02,0xd02,0xd02,0xd02,0xd02,0xd02,0xd02,0xd02,0xd02,0xd02,
0xd02,0xd02,0xd02,0xd02,0xd02,0xd02,0xd02,0xd02,0xd02,0xd02,0xd02,0xd02,0xd02,0xd02,0xd02,0xd02,
0xd02,0xd02,0xd02,0xd02,0xd02,0xd02,0xd02,0xd02,0xd02,0xd02,0xd02,0xd02,0xd02,0xd02,0xd02,0xd02,
0xd02,0xd02,0xd02,0xd02,0xd02,0xd02,0xd02,0xd02,0xd02,0xd02,0xd02,0xd02,0xd02,0xd02,0xd02,0xd02,
0xd02,0x394,0x394,0x394,0x12,0x12,0x12,0x12,0x12,0x12,0x12,0x12,0x12,8,7,8,
9,7,0x12,0x12,0x12,0x12,0x12,0x12,0x12,0x12,0x12,0x12,0x12,0x12,0x12,0x12,
7,7,7,8,9,0xa,0xa,4,4,4,0xa,0xa,0x310a,0xf20a,0xa,3,
6,3,6,6,2,2,2,2,2,2,2,2,2,2,6,0xa,
0x500a,0xa,0xd00a,0xa,0xa,0,0,0,0,0,0,0,0,0,0,0,
0,0,0,0,0,0,0,0,0,0,0,0,0,0,0,0x510a,
0xa,0xd20a,0xa,0xa,0xa,0,0,0,0,0,0,0,0,0,0,0,
0,0,0,0,0,0,0,0,0,0,0,0,0,0,0,0x510a,
0xa,0xd20a,0xa,0x12,0,0,0,0,0,0,0,0,0,0,0,0,
0,0,0,0,0,0,0,0,0,0,0,0,0,0,0,0,
0,0,0,0,0,0,0,0,0,0,0,0,0,0,0,0,
0,0,0,0,0,0,0,0,0,0,0,0,0,0,0,0,
0,0,0,0,0x12,0x12,0x12,0x12,0x12,7,0x12,0x12,0x12,0x12,0x12,0x12,
0x12,0x12,0x12,0x12,0x12,0x12,0x12,0x12,0x12,0x12,0x12,0x12,0x12,0x12,0x12,0x12,
0x12,0x12,0x12,0x12,6,0xa,4,4,4,4,0xa,0xa,0xa,0xa,0,0x900a,
0xa,0xb2,0xa,0xa,4,4,2,2,0xa,0,0xa,0xa,0xa,2,0,0x900a,
0xa,0xa,0xa,0xa,0,0,0,0,0,0,0,0,0,0,0,0,
0,0,0,0,0,0,0,0,0,0,0,0xa,0,0,0,0,
0,0,0,0,0,0,0,0,0,0,0,0,0,0,0,0,
0,0,0,0,0,0,0,0,0,0,0,0xa,0,0,0,0,
0,0,0,0,0,0,0,0,0,0,0,0,0,0,0,0,
0,0,0,0,0,0,0,0,0,0,0,0,0,0,0,0,
0,0,0,0,0,0,0,0,0,0,0,0,0,0,0,0,
0,0,0,0,0,0xa,0xa,0,0,0,0,0,0,0,0xa,0xa,
0xa,0xa,0xa,0xa,0xa,0xa,0xa,0xa,0xa,0xa,0xa,0xa,0,0,0xa,0xa,
0xa,0xa,0xa,0xa,0xa,0xa,0xa,0xa,0xa,0xa,0xa,0xa,0,0,0,0,
0,0xa,0xa,0xa,0xa,0xa,0xa,0xa,0xa,0xa,0,0xa,0xa,0xa,0xa,0xa,
0xa,0xa,0xa,0xa,0xa,0xa,0xa,0xa,0xa,0xa,0xa,0xa,0xb1,0xb1,0xb1,0xb1,
0xb1,0xb1,0xb1,0xb1,0xb1,0xb1,0xb1,0xb1,0xb1,0xb1,0xb1,0xb1,0xb1,0xb1,0xb1,0xb1,
0xb1,0xb1,0xb1,0xb1,0xb1,0xb1,0xb1,0xb1,0xb1,0xb1,0xb1,0xb1,0xb1,0xb1,0xb1,0xb1,
0xb1,0xb1,0xb1,0xb1,0xb1,0xb1,0xb1,0xb1,0xb1,0xb1,0xb1,0xb1,0xb1,0xb1,0xb1,0xb1,
0xb1,0xb1,0xb1,0xb1,0xb1,0xb1,0xb1,0xb1,0xb1,0xb1,0xb1,0xb1,0,0,0,0,
0xa,0xa,0,0,0,0,0,0,0,0,0xa,0,0,0,0,0,
0xa,0xa,0,0xa,0,0,0,0,0,0,0,0,0,0,0,0,
0,0,0,0,0,0,0,0,0,0,0,0,0,0,0,0,
0,0,0,0,0,0,0,0,0,0,0,0,0,0,0,0,
0,0,0,0,0,0,0,0,0,0,0,0,0,0,0xa,0,
0,0,0,0,0,0,0,0,0,0,0,0xb1,0xb1,0xb1,0xb1,0xb1,
0xb1,0xb1,0,0,0,0,0,0,0,0,0,0,0,0,0,0,
0,0,0,0,0,0,0,0,0,0,0,0,0,0,0,0,
0,0,0,0,0,0,0,0,0,0,0,0,0,0,0,0,
0,0,0,0,0,0,0,0,0,0,0xa,0,0,0xa,0xa,4,
1,0xb1,0xb1,0xb1,0xb1,0xb1,0xb1,0xb1,0xb1,0xb1,0xb1,0xb1,0xb1,0xb1,0xb1,0xb1,
0xb1,0xb1,0xb1,0xb1,0xb1,0xb1,0xb1,0xb1,0xb1,0xb1,0xb1,0xb1,0xb1,0xb1,0xb1,0xb1,
0xb1,0xb1,0xb1,0xb1,0xb1,0xb1,0xb1,0xb1,0xb1,0xb1,0xb1,0xb1,0xb1,0xb1,1,0xb1,
1,0xb1,0xb1,1,0xb1,0xb1,1,0xb1,1,1,1,1,1,1,1,1,
1,1,1,1,1,1,1,1,1,1,1,1,1,1,1,1,
1,1,1,1,1,1,1,1,1,1,1,1,1,1,1,1,
1,1,1,1,1,1,1,1,1,1,1,1,1,1,1,1,
5,5,5,5,5,5,0xa,0xa,0xd,4,4,0xd,6,0xd,0xa,0xa,
0xb1,0xb1,0xb1,0xb1,0xb1,0xb1,0xb1,0xb1,0xb1,0xb1,0xb1,0xd,0x8ad,0xd,0xd,0xd,
0x4d,0xd,0x8d,0x8d,0x8d,0x8d,0x4d,0x8d,0x4d,0x8d,0x4d,0x4d,0x4d,0x4d,0x4d,0x8d,
0x8d,0x8d,0x8d,0x4d,0x4d,0x4d,0x4d,0x4d,0x4d,0x4d,0x4d,0x4d,0x4d,0x4d,0x4d,0x4d,
0x2d,0x4d,0x4d,0x4d,0x4d,0x4d,0x4d,0x4d,0x8d,0x4d,0x4d,0xb1,0xb1,0xb1,0xb1,0xb1,
0xb1,0xb1,0xb1,0xb1,0xb1,0xb1,0xb1,0xb1,0xb1,0xb1,0xb1,0xb1,0xb1,0xb1,0xb1,0xb1,
5,5,5,5,5,5,5,5,5,5,4,5,5,0xd,0x4d,0x4d,
0xb1,0x8d,0x8d,0x8d,0xd,0x8d,0x8d,0x8d,0x4d,0x4d,0x4d,0x4d,0x4d,0x4d,0x4d,0x4d,
0x8d,0x8d,0x8d,0x8d,0x8d,0x8d,0x8d,0x8d,0x8d,0x8d,0x8d,0x8d,0x8d,0x8d,0x8d,0x8d,
0x8d,0x8d,0x4d,0x4d,0x4d,0x4d,0x4d,0x4d,0x4d,0x4d,0x4d,0x4d,0x4d,0x4d,0x4d,0x4d,
0x4d,0x4d,0x4d,0x4d,0x4d,0x4d,0x4d,0x4d,0x4d,0x4d,0x4d,0x4d,0x4d,0x4d,0x4d,0x4d,
0x4d,0x4d,0x4d,0x4d,0x4d,0x4d,0x4d,0x4d,0x8d,0x4d,0x4d,0x8d,0x8d,0x8d,0x8d,0x8d,
0x8d,0x8d,0x8d,0x8d,0x4d,0x8d,0x4d,0x8d,0x4d,0x4d,0x8d,0x8d,0xd,0x8d,0xb1,0xb1,
0xb1,0xb1,0xb1,0xb1,0xb1,5,0xa,0xb1,0xb1,0xb1,0xb1,0xb1,0xb1,0xd,0xd,0xb1,
0xb1,0xa,0xb1,0xb1,0xb1,0xb1,0x8d,0x8d,2,2,2,2,2,2,2,2,
2,2,0x4d,0x4d,0x4d,0xd,0xd,0x4d,0xd,0xd,0xd,0xd,0xd,0xd,0xd,0xd,
0xd,0xd,0xd,0xd,0xd,0xd,0xd,0xad,0x8d,0xb1,0x4d,0x4d,0x4d,0x8d,0x8d,0x8d,
0x8d,0x8d,0x4d,0x4d,0x4d,0x4d,0x8d,0x4d,0x4d,0x4d,0x4d,0x4d,0x4d,0x4d,0x4d,0x4d,
0x8d,0x4d,0x8d,0x4d,0x8d,0x4d,0x4d,0x8d,0xb1,0xb1,0xb1,0xb1,0xb1,0xb1,0xb1,0xb1,
0xb1,0xb1,0xb1,0xb1,0xb1,0xb1,0xb1,0xb1,0xb1,0xb1,0xb1,0xd,0xd,0x8d,0x4d,0x4d,
0x4d,0x4d,0x4d,0x4d,0x4d,0x4d,0x4d,0x4d,0x4d,0x8d,0x8d,0x8d,0x4d,0x4d,0x4d,0x4d,
0x4d,0x4d,0x4d,0x4d,0x4d,0x4d,0x4d,0x4d,0x4d,0x4d,0x4d,0x8d,0x8d,0x4d,0x4d,0x4d,
0x4d,0x8d,0x4d,0x8d,0x8d,0x4d,0x4d,0x4d,0x8d,0x8d,0x4d,0x4d,0x4d,0x4d,0x4d,0x4d,
0xd,0xd,0xd,0xd,0xd,0xd,0xd,0xd,0xd,0xd,0xd,0xd,0xd,0xd,0xd,0xd,
0xd,0xd,0xd,0xd,0xd,0xd,0xd,0xd,0xd,0xd,0xd,0xd,0xd,0xd,0xd,0xd,
0xd,0xd,0xd,0xd,0xd,0xd,0xb1,0xb1,0xb1,0xb1,0xb1,0xb1,0xb1,0xb1,0xb1,0xb1,
0xb1,0xd,0xd,0xd,0xd,0xd,0xd,0xd,0xd,0xd,0xd,0xd,0xd,0xd,0xd,0xd,
1,1,1,1,1,1,1,1,1,1,0x41,0x41,0x41,0x41,0x41,0x41,
0x41,0x41,0x41,0x41,0x41,0x41,0x41,0x41,0x41,0x41,0x41,0x41,0x41,0x41,0x41,0x41,
0x41,0x41,0x41,0x41,0x41,0x41,0x41,0x41,0x41,0x41,0x41,0xb1,0xb1,0xb1,0xb1,0xb1,
0xb1,0xb1,0xb1,0xb1,1,1,0xa,0xa,0xa,0xa,0x21,1,1,0xb1,1,1,
0xb1,0xb1,0xb1,0xb1,1,0xb1,0xb1,0xb1,1,0xb1,0xb1,0xb1,0xb1,0xb1,1,1,
1,1,1,1,1,1,1,1,1,1,1,1,1,1,1,1,
1,1,1,1,1,1,0xb1,0xb1,0xb1,0xb1,1,0xb1,0xb1,0xb1,0xb1,0xb1,
0x81,0x41,0x41,0x41,0x41,0x41,0x81,0x81,0x41,0x81,0x41,0x41,0x41,0x41,0x41,0x41,
0x41,0x41,0x41,0x41,0x81,0x41,0x81,0x81,0x81,0xb1,0xb1,0xb1,1,1,1,1,
0x4d,0xd,0x4d,0x4d,0x4d,0x4d,0xd,0x8d,0x4d,0x8d,0x8d,0xd,0xd,0xd,0xd,0xd,
0x8d,0x8d,0x8d,0x8d,0x8d,0x8d,0x8d,0x8d,0x8d,0x8d,0x8d,0x8d,0x8d,0x8d,0x8d,0x8d,
0x8d,0x8d,0x8d,0x2d,0x2d,0x2d,0x4d,0xd,0xd,0x4d,0x4d,0x4d,0x4d,0x4d,0x8d,0x4d,
5,5,0xd,0xd,0xd,0xd,0xd,0xb1,0xb1,0xb1,0xb1,0xb1,0xb1,0xb1,0xb1,0xb1,
0xb1,0xb1,5,0xb1,0xb1,0xb1,0xb1,0xb1,0xb1,0xb1,0xb1,0xb1,0xb1,0xb1,0xb1,0xb1,
0xb1,0xb1,0xb1,0xb1,0xb1,0xb1,0xb1,0xb1,0xb1,0xb1,0xb1,0xb1,0xb1,0xb1,0xb1,0xb1,
0x4d,0x4d,0x4d,0x4d,0x4d,0x4d,0x4d,0x4d,0x4d,0x4d,0x8d,0x8d,0x8d,0xd,0x8d,0x4d,
0x4d,0x8d,0x8d,0x4d,0x4d,0x4d,0x4d,0x4d,0x4d,0x8d,0x4d,0x4d,0x4d,0x4d,0x4d,0x4d,
0x4d,0x4d,0x4d,0x4d,0x4d,0xd,0xb1,0xb1,0xb1,0xb1,0xb1,0xb1,0xb1,0xb1,0xb1,0xb1,
0xb1,0xb1,0xb1,0xb1,0xb1,0xb1,0xb1,0xb1,0xb1,0xb1,0xb1,0xb1,0xb1,0xb1,0xb1,0,
0,0,0,0,0,0,0,0,0,0,0,0,0,0,0,0,
0,0,0,0,0,0,0,0,0,0,0,0,0,0,0xb1,0,
0xb1,0,0,0,0,0xb1,0xb1,0xb1,0xb1,0xb1,0xb1,0xb1,0xb1,0,0,0,
0,0xb1,0,0,0,0xb1,0xb1,0xb1,0xb1,0xb1,0xb1,0xb1,0,0,0,0,
0,0,0,0,0,0,0xb1,0xb1,0,0,0,0,0,0,0,0,
0,0,0,0,0,0,0,0,0,0,0,0,0,0,0,0,
0,0,0,0,0,0xb1,0,0,0,0,0,0,0,0,0,0,
0,0,0,0,0,0,0,0,0,0,0,0,0,0,0,0,
0,0,0,0,0xb1,0,0,0,0,0xb1,0xb1,0xb1,0xb1,0,0,0,
0,0,0,0,0,0xb1,0,0,0,0,0,0,0,0,0,0,
0,0,0,0,0,0,0,0,0,0,0xb1,0xb1,0,0,0,0,
0,0,0,0,0,0,0,0,0,0,4,4,0,0,0,0,
0,0,0,4,0,0,0xb1,0,0,0xb1,0xb1,0,0,0,0,0,
0,0,0,0,0,0,0,0,0,0,0,0,0,0,0,0,
0,0,0,0,0,0,0,0,0,0xb1,0xb1,0,0,0,0,0xb1,
0xb1,0,0,0xb1,0xb1,0xb1,0,0,0,0xb1,0,0,0,0,0,0,
0,0,0,0,0,0,0,0,0,0,0,0,0xb1,0xb1,0,0,
0,0xb1,0,0,0,0,0,0,0,0,0,0,0,0xb1,0xb1,0xb1,
0xb1,0xb1,0,0xb1,0xb1,0,0,0,0,0xb1,0,0,0,0,0,0,
0,0,0,0,0,0,0,0,0,0,0,0,0,0,0xb1,0xb1,
0,0,0,0,0,0,0,0,0,0,0,0,0,4,0,0,
0,0,0,0,0,0,0xb1,0xb1,0xb1,0xb1,0xb1,0xb1,0,0,0,0,
0,0,0,0,0,0,0,0,0,0,0,0,0,0,0,0,
0,0,0,0,0,0,0,0,0xb1,0,0,0xb1,0,0xb1,0xb1,0xb1,
0xb1,0,0,0,0,0,0,0,0,0xb1,0,0,0,0,0,0,
0,0xb1,0xb1,0,0,0,0,0,0,0,0,0,0,0,0xb1,0,
0,0,0,0,0,0,0,0,0,0,0,0,0,0,0,0,
0,0,0,0,0,0,0,0,0,0,0,0,0xb1,0,0,0,
0,0,0,0,0,0,0,0,0,0xb1,0,0,0,0,0,0,
0,0,0,0,0,0,0,0,0,0,0,0,0,0,0,0xa,
0xa,0xa,0xa,0xa,0xa,4,0xa,0,0,0,0,0,0xb1,0,0,0,
0xb1,0,0,0,0,0,0,0,0,0,0,0,0,0,0,0,
0,0,0,0,0,0,0,0,0,0,0,0,0,0,0,0,
0xb1,0,0xb1,0xb1,0xb1,0,0,0,0,0,0xb1,0xb1,0xb1,0,0xb1,0xb1,
0xb1,0xb1,0,0,0,0,0,0,0,0xb1,0xb1,0,0,0,0,0,
0,0,0,0,0,0,0xb1,0xb1,0,0,0,0,0,0,0,0,
0,0,0,0,0,0,0,0,0,0,0,0,0xa,0xa,0xa,0xa,
0xa,0xa,0xa,0,0,0,0,0,0,0,0,0,0,0,0,0,
0,0,0,0,0,0,0,0,0,0,0,0,0,0,0,0,
0xb1,0,0,0xa0,0,0,0,0,0,0,0xa0,0,0,0,0,0,
0xb1,0xb1,0,0,0,0,0,0,0,0,0,0,0,0,0,0,
0,0,0,0,0,0,0,0,0,0,0,0,0,0,0,0xb1,
0xb1,0,0,0,0,0,0,0,0,0,0,0,0,0,0xb1,0,
0,0,0,0,0,0,0xb1,0xb1,0xb1,0,0xb1,0,0,0,0,0,
0,0,0,0,0,0,0,0,0,0,0,0,0,0xb1,0,0,
0xb1,0xb1,0xb1,0xb1,0xb1,0xb1,0xb1,0,0,0,0,4,0,0,0,0,
0,0,0,0xb1,0xb1,0xb1,0xb1,0xb1,0xb1,0xb1,0xb1,0,0,0,0,0,
0,0,0,0,0,0,0,0,0,0,0,0,0,0xb1,0,0,
0xb1,0xb1,0xb1,0xb1,0xb1,0xb1,0xb1,0xb1,0xb1,0,0,0,0,0,0,0,
0,0,0,0,0xb1,0xb1,0xb1,0xb1,0xb1,0xb1,0xb1,0,0,0,0,0,
0,0,0,0,0,0,0,0,0,0,0,0,0,0,0,0,
0,0,0,0,0xb1,0xb1,0,0,0,0,0,0,0,0,0,0,
0,0,0,0,0,0,0,0,0,0,0,0,0,0xb1,0,0xb1,
0,0xb1,0x310a,0xf20a,0x310a,0xf20a,0,0,0,0,0,0,0,0,0,0,
0,0,0,0,0,0,0,0,0,0xb1,0xb1,0xb1,0xb1,0xb1,0xb1,0xb1,
0xb1,0xb1,0xb1,0xb1,0xb1,0xb1,0xb1,0,0xb1,0xb1,0xb1,0xb1,0xb1,0,0xb1,0xb1,
0,0,0,0,0,0xb1,0xb1,0xb1,0xb1,0xb1,0xb1,0xb1,0xb1,0xb1,0xb1,0xb1,
0,0xb1,0xb1,0xb1,0xb1,0xb1,0xb1,0xb1,0xb1,0xb1,0xb1,0xb1,0xb1,0xb1,0xb1,0xb1,
0xb1,0xb1,0xb1,0xb1,0xb1,0xb1,0xb1,0xb1,0xb1,0xb1,0xb1,0xb1,0xb1,0xb1,0xb1,0xb1,
0xb1,0,0,0,0,0,0,0,0,0,0,0,0,0,0,0,
0,0xb1,0xb1,0xb1,0xb1,0,0xb1,0xb1,0xb1,0xb1,0xb1,0xb1,0,0xb1,0xb1,0,
0,0xb1,0xb1,0,0,0,0,0,0,0,0,0,0,0,0,0,
0,0,0,0,0,0,0,0,0,0,0,0,0xb1,0xb1,0,0,
0,0,0xb1,0xb1,0xb1,0,0,0,0,0,0,0,0,0,0,0,
0,0,0,0,0,0xb1,0xb1,0xb1,0xb1,0,0,0,0,0,0,0,
0,0,0,0,0,0,0xb1,0,0,0xb1,0xb1,0,0,0,0,0,
0,0xb1,0,0,0,0,0,0,0,0,0,0,0,0,0,0,
0,0xb1,0,0,0,0,0,0,0,0,0,0,0,0,0,0,
0,0,0,0,0,0,0,0,0,0,0,0,0,0,0,0,
0,0xb1,0xb1,0xb1,0,0,0,0,0,0,0,0,0,0,0,0,
0,0,0,0,0xa,0xa,0xa,0xa,0xa,0xa,0xa,0xa,0xa,0xa,0,0,
0,0,0,0,0xa,0,0,0,0,0,0,0,0,0,0,0,
0,0,0,0,0,0,0,0,0,0,0,0,0,0,0,0,
0,0,0,0,9,0,0,0,0,0,0,0,0,0,0,0,
0,0,0,0,0,0,0,0,0,0,0,0,0,0,0,0x310a,
0xf20a,0,0,0,0,0,0,0,0,0,0,0,0,0,0,0,
0,0,0,0,0,0,0xb1,0xb1,0xb1,0,0,0,0,0,0,0,
0,0,0,0,0,0,0,0,0,0,0,0,0,0,0,0,
0xb1,0xb1,0,0xb1,0xb1,0xb1,0xb1,0xb1,0xb1,0xb1,0,0,0,0,0,0,
0,0,0xb1,0,0,0xb1,0xb1,0xb1,0xb1,0xb1,0xb1,0xb1,0xb1,0xb1,0xb1,0xb1,
0,0,0,0,0,0,0,4,0,0xb1,0,0,0x40,0x40,0x40,0x40,
0x40,0x40,0x40,0x40,0x40,0x40,0x40,0x40,0x40,0x40,0x40,0x40,0x40,0x40,0x40,0x40,
0x40,0x40,0x40,0x40,0x40,0x40,0x40,0x40,0x40,0x40,0x40,0x40,0x40,0xb1,0x40,0,
0,0,0,0,0,0,0,0,0,0,0,0,0,0,0,0,
0,0,0,0,0xa,0xa,0xa,0xa,0xa,0xa,0xa,0x4a,0xa,0xa,0x2a,0xb1,
0xb1,0xb1,0x12,0xb1,0,0,0,0,0,0,0,0,0,0,0,0,
0,0,0,0,0x40,0x40,0x40,0x40,0x40,0x40,0x40,0x40,0x40,0x40,0x40,0x40,
0x40,0x40,0x40,0x40,0x40,0x40,0x40,0x40,0x40,0x40,0x40,0x40,0x40,0,0,0,
0,0,0,0,0,0xb1,0xb1,0x40,0x40,0x40,0x40,0x40,0x40,0x40,0x40,0x40,
0x40,0x40,0x40,0x40,0x40,0x40,0x40,0x40,0x40,0x40,0x40,0x40,0x40,0x40,0x40,0x40,
0xb1,0xb1,0xb1,0,0,0,0,0xb1,0xb1,0,0,0,0,0,0,0,
0,0,0xb1,0,0,0,0,0,0,0xb1,0xb1,0xb1,0,0,0,0,
0xa,0,0,0,0xa,0xa,0,0,0,0,0,0,0,0,0,0,
0,0,0,0,0,0,0,0,0,0,0,0,0,0,0,0,
0,0,0,0,0,0,0xa,0xa,0xa,0xa,0xa,0xa,0xa,0xa,0xa,0xa,
0xa,0xa,0xa,0xa,0xa,0xa,0xa,0xa,0xa,0xa,0xa,0xa,0xa,0xa,0xa,0xa,
0xa,0xa,0xa,0xa,0xa,0xa,0xa,0xa,0,0,0,0,0,0,0,0,
0,0,0,0,0,0,0,0,0,0,0,0,0,0,0,0xb1,
0xb1,0,0,0xb1,0,0,0,0,0,0,0,0,0,0,0,0,
0,0,0,0,0,0,0,0,0,0,0xb1,0,0xb1,0xb1,0xb1,0xb1,
0xb1,0xb1,0xb1,0,0xb1,0,0xb1,0,0,0xb1,0xb1,0xb1,0xb1,0xb1,0xb1,0xb1,
0xb1,0,0,0,0,0,0,0xb1,0xb1,0xb1,0xb1,0xb1,0xb1,0xb1,0xb1,0xb1,
0xb1,0,0,0xb1,0,0,0,0,0,0,0,0,0,0,0,0,
0,0,0,0,0xb1,0xb1,0xb1,0xb1,0xb1,0xb1,0xb1,0xb1,0xb1,0xb1,0xb1,0xb1,
0xb1,0xb1,0xb1,0xb1,0,0,0,0,0,0,0,0,0,0,0,0,
0,0,0,0,0,0,0,0,0xb1,0xb1,0xb1,0xb1,0xb1,0xb1,0xb1,0xb1,
0xb1,0xb1,0xb1,0xb1,0xb1,0xb1,0xb1,0xb1,0xb1,0xb1,0xb1,0xb1,0xb1,0xb1,0xb1,0xb1,
0xb1,0xb1,0xb1,0xb1,0xb1,0xb1,0,0,0,0,0,0,0,0,0,0,
0,0,0,0,0,0,0,0,0,0,0,0,0xb1,0,0xb1,0xb1,
0xb1,0xb1,0xb1,0,0xb1,0,0,0,0,0,0,0,0,0,0,0,
0,0,0,0xb1,0xb1,0xb1,0xb1,0xb1,0xb1,0xb1,0xb1,0xb1,0,0,0,0,
0,0,0,0,0,0,0,0,0,0,0xb1,0xb1,0xb1,0xb1,0,0,
0xb1,0xb1,0,0xb1,0xb1,0xb1,0,0,0,0,0,0,0,0,0,0,
0,0,0,0,0,0,0,0,0,0,0xb1,0,0xb1,0xb1,0,0,
0,0xb1,0,0xb1,0xb1,0xb1,0,0,0,0,0,0,0,0,0,0,
0,0,0,0,0xb1,0xb1,0xb1,0xb1,0xb1,0xb1,0xb1,0xb1,0,0,0xb1,0xb1,
0,0,0,0,0,0,0,0,0,0,0,0,0,0,0,0,
0xb1,0xb1,0xb1,0,0xb1,0xb1,0xb1,0xb1,0xb1,0xb1,0xb1,0xb1,0xb1,0xb1,0xb1,0xb1,
0xb1,0,0xb1,0xb1,0xb1,0xb1,0xb1,0xb1,0xb1,0,0,0,0,0xb1,0,0,
0,0,0,0,0xb1,0,0,0,0xb1,0xb1,0,0,0,0,0,0,
0,0,0,0,0,0,0,0,0,0,0,0,0,0,0,0,
0,0,0,0,0,0,0,0,0,0xa,0,0xa,0xa,0xa,0,0,
0,0,0,0,0,0,0,0,0,0xa,0xa,0xa,0,0,0,0,
0,0,0,0,0,0,0,0,0,0xa,0xa,0xa,0,0,0,0,
0,0,0,0,0,0,0,0,0,0xa,0xa,0,0xa,0xa,0xa,0xa,
6,0x310a,0xf20a,0xa,0xa,0xa,0xa,0xa,0xa,0xa,0xa,0xa,0xa,0xa,0xa,0xa,
0xa,0xa,0xa,0xa,0xa,0xa,0xa,0xa,0xa,0xa,0xa,9,0xb2,0xb2,0xb2,0xb2,
0xb2,0x12,0x814,0x815,0x813,0x816,0xb2,0xb2,0xb2,0xb2,0xb2,0xb2,2,0,0,0,
2,2,2,2,2,2,3,3,0xa,0x310a,0xf20a,0,9,9,9,9,
9,9,9,9,9,9,9,0xb2,0x412,0x432,0x8a0,0x8a1,0xa,0xa,0xa,0xa,
0xa,0xa,0xa,0xa,0xa,0xa,0xa,0xa,0xa,0xa,0xa,0xa,9,7,0x8ab,0x8ae,
0x8b0,0x8ac,0x8af,6,4,4,4,4,4,0xa,0xa,0xa,0xa,0x300a,0xf00a,0xa,
0xa,0xa,0xa,0xa,2,2,2,2,2,2,2,2,2,2,3,3,
0xa,0x310a,0xf20a,0,0,0,0,0,0,0,0,0,0,0,0,0,
0,0,0,0,4,4,4,4,4,4,4,4,4,4,4,4,
4,4,4,4,4,4,4,4,4,4,4,4,4,4,4,4,
4,4,4,4,0xb1,0xb1,0xb1,0xb1,0xb1,0xb1,0xb1,0xb1,0xb1,0xb1,0xb1,0xb1,
0xb1,0xb1,0xb1,0xb1,0xa,0xa,0,0xa,0xa,0xa,0xa,0,0xa,0xa,0,0,
0,0,0,0,0,0,0,0,0xa,0,0xa,0xa,0xa,0,0,0,
0,0,0xa,0xa,0xa,0xa,0xa,0xa,0,0xa,0,0xa,0,0xa,0,0,
0,0,4,0,0,0,0,0,0,0,0,0,0,0,0xa,0xa,
0,0,0,0,0x100a,0xa,0xa,0xa,0xa,0,0,0,0,0,0xa,0xa,
0xa,0xa,0,0,0xa,0xa,0xa,0xa,0xa,0xa,0xa,0xa,0xa,0xa,0xa,0xa,
0xa,0xa,0xa,0xa,0,0,0,0,0,0,0,0,0,0xa,0xa,0xa,
0,0,0,0,0xa,0xa,0xa,0xa,0xa,0xa,0xa,0xa,0xa,0xa,0xa,0xa,
0xa,0xa,0xa,0xa,0x300a,0xf00a,0x300a,0xf00a,0x300a,0xf00a,0x300a,0xf00a,0x300a,0xf00a,0x300a,0xf00a,
0x300a,0xf00a,0xa,0xa,0x300a,0xf00a,0x900a,0x900a,0x900a,0x100a,0x900a,0x900a,0x100a,0x100a,0x900a,0x900a,
0x900a,0x900a,0x900a,0x100a,0xa,0x100a,0x100a,0x100a,0x100a,0xa,0xa,0xa,0x700a,0x700a,0x700a,0xb00a,
0xb00a,0xb00a,0xa,0xa,0xa,0x100a,3,4,0xa,0x900a,0x100a,0xa,0xa,0xa,0x100a,0x100a,
0x100a,0x100a,0xa,0x900a,0x900a,0x900a,0x900a,0xa,0x900a,0xa,0x100a,0xa,0xa,0xa,0xa,0x100a,
0x100a,0x100a,0x100a,0x100a,0x100a,0x100a,0x100a,0x100a,0xa,0xa,0xa,0xa,0xa,0x100a,0xa,0x100a,
0x300a,0xf00a,0x100a,0x100a,0x100a,0x100a,0x100a,0x900a,0x100a,0x900a,0x100a,0x100a,0x100a,0x100a,0x100a,0x100a,
0x900a,0xa,0xa,0xa,0xa,0xa,0x300a,0xf00a,0x300a,0xf00a,0xa,0xa,0xa,0xa,0xa,0xa,
0xa,0xa,0xa,0x100a,0x100a,0xa,0x100a,0xa,0x300a,0xf00a,0x300a,0xf00a,0x300a,0xf00a,0x300a,0xf00a,
0xa,0x100a,0x300a,0xf00a,0x300a,0xf00a,0x300a,0xf00a,0x300a,0xf00a,0x300a,0xf00a,0x300a,0xf00a,0x300a,0xf00a,
0x300a,0xf00a,0x300a,0xf00a,0x100a,0xa,0xa,0x300a,0xf00a,0x300a,0xf00a,0xa,0xa,0xa,0xa,0xa,
0x900a,0xa,0xa,0xa,0xa,0xa,0xa,0xa,0xa,0xa,0x300a,0xf00a,0xa,0xa,0x900a,0x100a,
0x900a,0x900a,0x100a,0x900a,0x100a,0x100a,0x100a,0x100a,0x300a,0xf00a,0x300a,0xf00a,0x300a,0xf00a,0x300a,0xf00a,
0x900a,0xa,0xa,0xa,0xa,0xa,0x100a,0x100a,0xa,0xa,0xa,0xa,0xa,0xa,0xa,0xa,
0xa,0x300a,0xf00a,0x300a,0xf00a,0x900a,0xa,0xa,0x300a,0xf00a,0xa,0xa,0xa,0xa,0x300a,0xf00a,
0x300a,0xf00a,0x300a,0xf00a,0x300a,0xf00a,0x300a,0xf00a,0xa,0xa,0xa,0xa,0xa,0xa,0xa,0xa,
0x310a,0xf20a,0x310a,0xf20a,0xa,0xa,0xa,0xa,0xa,0xa,0xa,0xa,0xa,0xa,0xa,0xa,
0xa,0xa,0xa,0xa,0xa,0xa,0xa,0xa,0x100a,0x100a,0xa,0xa,0xa,0xa,0xa,0xa,
0xa,0x310a,0xf20a,0xa,0xa,0xa,0xa,0xa,0xa,0xa,0xa,0xa,0xa,0xa,0,0,
0,0,0,0,0,0,0,0,0,0,0,0,0,0,0,0,
0,0,0,0,0,0,0,0,0,0,0,0xa,0xa,0xa,0xa,0xa,
0xa,0xa,0xa,0xa,0xa,0xa,0xa,0xa,0xa,0xa,0xa,0xa,0xa,0xa,0xa,0xa,
0xa,0,0xa,0xa,0xa,0xa,0xa,0xa,0xa,0xa,0xa,0xa,0xa,0xa,0xa,0,
0,0,0,0,0,0,0,0,0,0,0,0,0,0,0,0,
0,0,0,0,0xa,0xa,0xa,0xa,0xa,0xa,0xa,0xa,2,2,2,2,
2,2,2,2,2,2,2,2,2,2,2,2,2,2,2,2,
0,0,0,0,0xa,0xa,0xa,0xa,0xa,0xa,0xa,0xa,0xa,0xa,0xa,0xa,
0,0xa,0xa,0xa,0xa,0xa,0xa,0xa,0xa,0xa,0xa,0xa,0xa,0xa,0xa,0xa,
0xa,0xa,0xa,0xa,0x310a,0xf20a,0x310a,0xf20a,0x310a,0xf20a,0x310a,0xf20a,0x310a,0xf20a,0x310a,0xf20a,
0x310a,0xf20a,0xa,0xa,0xa,0xa,0xa,0xa,0xa,0xa,0xa,0xa,0x100a,0xa,0xa,0x300a,
0xf00a,0x310a,0xf20a,0xa,0x300a,0xf00a,0xa,0x500a,0x100a,0xd00a,0xa,0xa,0xa,0xa,0xa,0x100a,
0x100a,0x300a,0xf00a,0xa,0xa,0xa,0xa,0xa,0x900a,0x300a,0xf00a,0xa,0xa,0xa,0x300a,0xf00a,
0x300a,0xf00a,0x310a,0xf20a,0x310a,0xf20a,0x310a,0xf20a,0x310a,0xf20a,0x310a,0xf20a,0xa,0xa,0xa,0xa,
0xa,0xa,0xa,0xa,0xa,0xa,0xa,0xa,0xa,0xa,0xa,0xa,0xa,0x100a,0xa,0x100a,
0x100a,0x100a,0xa,0xa,0x300a,0xf00a,0xa,0xa,0xa,0xa,0xa,0xa,0xa,0xa,0xa,0xa,
0x100a,0x900a,0x100a,0x100a,0x300a,0xf00a,0xa,0xa,0x310a,0xf20a,0xa,0xa,0xa,0xa,0xa,0x310a,
0xf20a,0x310a,0xf20a,0x310a,0xf20a,0x310a,0xf20a,0x310a,0xf20a,0x710a,0x320a,0xf10a,0xb20a,0x310a,0xf20a,0x310a,
0xf20a,0x310a,0xf20a,0x310a,0xf20a,0xa,0xa,0x900a,0x100a,0x100a,0x100a,0x100a,0x900a,0xa,0x100a,0x900a,
0x300a,0xf00a,0x100a,0x100a,0x300a,0xf00a,0x300a,0xf00a,0x300a,0xf00a,0x300a,0xf00a,0xa,0xa,0xa,0xa,
0xa,0xa,0xa,0xa,0x900a,0xa,0xa,0xa,0xa,0xa,0xa,0xa,0x300a,0xf00a,0x100a,0x100a,
0x300a,0xf00a,0xa,0xa,0xa,0x100a,0xa,0xa,0xa,0xa,0x100a,0x300a,0xf00a,0x300a,0xf00a,0xa,
0x300a,0xf00a,0xa,0xa,0x310a,0xf20a,0x310a,0xf20a,0x100a,0xa,0xa,0xa,0xa,0xa,0x100a,0x900a,
0x900a,0x900a,0x100a,0xa,0xa,0xa,0xa,0xa,0x300a,0xf00a,0x900a,0xa,0xa,0xa,0xa,0x100a,
0xa,0xa,0xa,0x300a,0xf00a,0x300a,0xf00a,0x100a,0xa,0x100a,0xa,0xa,0xa,0xa,0xa,0xa,
0xa,0xa,0xa,0xa,0xa,0xa,0x100a,0x100a,0x100a,0x100a,0x100a,0x100a,0x100a,0x100a,0x100a,0x100a,
0x100a,0x100a,0x100a,0x100a,0x100a,0x100a,0x100a,0x100a,0x100a,0xa,0x100a,0x100a,0x100a,0x100a,0xa,0xa,
0x100a,0xa,0x100a,0xa,0xa,0x100a,0xa,0x300a,0xf00a,0x300a,0xf00a,0xa,0xa,0xa,0xa,0xa,
0x300a,0xf00a,0xa,0xa,0xa,0xa,0xa,0xa,0x300a,0xf00a,0x100a,0xa,0xa,0xa,0xa,0xa,
0xa,0xa,0xa,0xa,0xa,0xa,0xa,0xa,0xa,0xa,0xa,0xa,0xa,0xa,0xa,0xa,
0xa,0xa,0xa,0x100a,0x100a,0xa,0xa,0xa,0xa,0xa,0xa,0xa,0x300a,0xf00a,0xa,0xa,
0xa,0xa,0x100a,0x100a,0x100a,0x100a,0xa,0x100a,0x100a,0xa,0xa,0x100a,0x100a,0xa,0xa,0xa,
0xa,0x300a,0xf00a,0x300a,0xf00a,0x300a,0xf00a,0x300a,0xf00a,0x300a,0xf00a,0x300a,0xf00a,0x300a,0xf00a,0x300a,
0xf00a,0x300a,0xf00a,0x300a,0xf00a,0x300a,0xf00a,0x300a,0xf00a,0x300a,0xf00a,0x300a,0xf00a,0x300a,0xf00a,0x300a,
0xf00a,0x300a,0xf00a,0x300a,0xf00a,0x300a,0xf00a,0x100a,0xa,0xa,0x300a,0xf00a,0x300a,0xf00a,0x300a,0xf00a,
0x300a,0xf00a,0xa,0x300a,0xf00a,0x300a,0xf00a,0x300a,0xf00a,0x300a,0xf00a,0x300a,0xf00a,0x300a,0xf00a,0x300a,
0xf00a,0x300a,0xf00a,0x300a,0xf00a,0x300a,0xf00a,0x300a,0xf00a,0x300a,0xf00a,0xa,0xa,0xa,0xa,0xa,
0x100a,0xa,0x900a,0xa,0xa,0xa,0xa,0xa,0xa,0xa,0xa,0xa,0xa,0xa,0xa,0xa,
0xa,0xa,0xa,0xa,0xa,0xa,0xa,0xa,0,0,0xa,0xa,0xa,0xa,0xa,0xa,
0xa,0xa,0xa,0xa,0xa,0xa,0xa,0xa,0xa,0xa,0xa,0xa,0xa,0xa,0xa,0xa,
0xa,0xa,0xa,0xa,0xa,0xa,0xa,0xa,0xa,0xa,0x900a,0xa,0,0,0,0,
0,0xa,0xa,0xa,0xa,0xa,0xa,0,0,0,0,0xb1,0xb1,0xb1,0,0,
0,0,0,0,0,0xa,0xa,0xa,0xa,0xa,0xa,0xa,0,0,0,0,
0,0,0,0,0,0,0,0,0,0,0,0,0,0,0,0,
0,0,0,0,0,0,0,0,0,0,0,0xb1,0xa,0xa,0x300a,0xf00a,
0x300a,0xf00a,0xa,0xa,0xa,0x300a,0xf00a,0xa,0x300a,0xf00a,0xa,0xa,0xa,0xa,0xa,0xa,
0xa,0xa,0xa,0xa,0xa,0xa,0xa,0xa,0x300a,0xf00a,0xa,0xa,0x300a,0xf00a,0x310a,0xf20a,
0x310a,0xf20a,0x310a,0xf20a,0x310a,0xf20a,0xa,0xa,0xa,0xa,0xa,0xa,0xa,0xa,0xa,0xa,
0xa,0xa,0xa,0xa,0xa,0xa,0xa,0xa,0xa,0xa,0xa,0xa,0xa,0x310a,0xf20a,0x310a,
0xf20a,0x310a,0xf20a,0x310a,0xf20a,0xa,0,0,0xa,0xa,0xa,0xa,0xa,0xa,0xa,0xa,
0xa,0xa,0xa,0xa,0xa,0xa,0xa,0xa,0xa,0xa,0xa,0xa,0xa,0xa,0xa,0xa,
0xa,0xa,0,0xa,0xa,0xa,0xa,0xa,0xa,0xa,0xa,0xa,0xa,0xa,0xa,0xa,
0xa,0xa,0xa,0xa,0xa,0xa,0xa,0xa,0xa,0xa,0,0,0,0,0,0,
0,0,0,0,0,0,0,0,0,0,0,0,0xa,0xa,0xa,0xa,
0xa,0xa,0xa,0xa,0xa,0xa,0xa,0xa,0xa,0xa,0xa,0xa,0xa,0,0,0,
0,0,0,0,0,0,0xb1,0xb1,0xb1,0xb1,0,0,0xa,0,0,0,
0,0,0xa,0xa,0,0,0,0,0,0xa,0xa,0xa,9,0xa,0xa,0xa,
0xa,0,0,0,0x310a,0xf20a,0x310a,0xf20a,0x310a,0xf20a,0x310a,0xf20a,0x310a,0xf20a,0xa,0xa,
0x310a,0xf20a,0x310a,0xf20a,0x310a,0xf20a,0x310a,0xf20a,0xa,0xa,0xa,0xa,0,0,0,0,
0,0,0,0,0,0,0,0,0,0,0,0,0,0,0,0,
0,0,0,0,0,0xb1,0xb1,0xa,0xa,0,0,0,0xa,0xa,0xa,0xa,
0xa,0xa,0,0,0,0,0,0,0,0,0,0xa,0,0,0,0,
0,0,0,0,0,0,0,0,0,0,0,0,0,0,0,0,
0,0,0,0,0,0,0,0,0xa,0xa,0xa,0,0,0,0,0,
0,0,0,0,0,0,0,0,0,0,0,0,0,0xa,0xa,0xa,
0xa,0xa,0xa,0xa,0xa,0xa,0xa,0xa,0xa,0xa,0xa,0xa,0,0,0,0,
0,0,0,0,0,0,0,0,0xa,0xa,0xa,0xa,0,0,0,0,
0,0,0,0,0,0,0,0,0,0,0,0,0,0,0,0,
0,0,0,0xa,0xa,0xa,0xa,0,0,0,0,0,0,0,0,0,
0,0,0,0,0,0xa,0xa,0xa,0,0,0,0,0,0,0,0,
0,0,0,0,0,0,0,0,0,0,0,0xb1,0xb1,0xb1,0xb1,0xa,
0xb1,0xb1,0xb1,0xb1,0xb1,0xb1,0xb1,0xb1,0xb1,0xb1,0xa,0xa,0,0,0,0,
0,0,0,0,0,0,0,0,0,0,0,0,0,0,0,0,
0,0,0,0,0,0,0,0,0,0,0xb1,0xb1,0,0,0,0,
0,0,0,0,0xa,0,0,0,0,0,0,0,0,0,0,0,
0,0,0,0,0,0,0,0,0,0,0,0,0,0,0xb1,0,
0,0,0xb1,0,0,0,0,0xb1,0,0,0,0,0,0,0,0,
0,0,0,0,0,0,0,0,0,0,0,0,0,0xb1,0xb1,0,
0xa,0xa,0xa,0xa,0xb1,0,0,0,0,0,0,0,0,0,0,0,
4,4,0,0,0,0,0,0,0x40,0x40,0x40,0x40,0x40,0x40,0x40,0x40,
0x40,0x40,0x40,0x40,0x40,0x40,0x40,0x40,0x40,0x40,0x60,0,0xa,0xa,0xa,0xa,
0,0,0,0,0,0,0,0,0xb1,0xb1,0xb1,0xb1,0xb1,0xb1,0xb1,0xb1,
0xb1,0xb1,0xb1,0xb1,0xb1,0xb1,0xb1,0xb1,0xb1,0xb1,0,0,0,0,0,0,
0,0,0,0,0,0,0,0xb1,0,0,0,0,0,0,0xb1,0xb1,
0xb1,0xb1,0xb1,0xb1,0xb1,0xb1,0,0,0,0,0,0,0,0,0,0,
0,0,0,0,0,0,0,0,0,0,0,0xb1,0xb1,0xb1,0xb1,0xb1,
0xb1,0xb1,0xb1,0xb1,0xb1,0xb1,0,0,0,0,0,0,0,0,0,0,
0,0,0,0,0,0,0,0,0,0,0,0xb1,0,0,0xb1,0xb1,
0xb1,0xb1,0,0,0xb1,0xb1,0,0,0,0,0,0,0,0,0,0,
0,0xb1,0xb1,0xb1,0xb1,0xb1,0xb1,0,0,0xb1,0xb1,0,0,0xb1,0xb1,0,
0,0,0,0,0,0,0,0,0,0,0,0xb1,0,0,0,0,
0,0,0,0,0xb1,0,0,0,0,0,0,0,0,0,0,0,
0,0,0,0,0,0,0,0,0xb1,0,0xb1,0xb1,0xb1,0,0,0xb1,
0xb1,0,0,0,0,0,0xb1,0xb1,0,0,0,0,0,0,0,0,
0,0,0,0,0xb1,0xb1,0,0,0,0,0,0,0,0,0xb1,0,
0,0,0,0,0,0,0,0,0,0,0xa,0xa,0,0,0,0,
0,0,0,0,0,0,0,0,0,0,0,0,0,0,0,0,
0,0xb1,0,0,0xb1,0,0,0,0,0xb1,0,0,0,0,0,0,
0,0,0,0,0,0,0,0,0,0,0,0,1,1,1,1,
1,1,1,1,1,3,1,1,1,1,1,1,1,1,1,1,
1,1,1,1,1,1,1,1,1,1,1,1,0xd,0xd,0xd,0xd,
0xd,0xd,0xd,0xd,0xd,0xd,0xd,0xd,0xd,0xd,0xd,0xd,0,0,0,0,
0,0,0,0,0,0,0,0,0,0,0,0,0,0,0,0,
0,0,0,0,0,0,0,0,0,1,0xb1,1,0xd,0xd,0xd,0xa,
0xa,0xa,0xa,0xa,0xa,0xa,0xa,0xa,0xa,0xa,0xa,0xa,0xa,0xa,0xa,0xd,
0xd,0xd,0xd,0xd,0xd,0xd,0xd,0xd,0xd,0xd,0xd,0xd,0xd,0xd,0xd,0xd,
0xd,0xd,0xd,0xd,0xd,0xd,0xd,0xd,0xd,0xd,0xd,0xd,0xd,0xd,0xa,0xa,
0xa,0xa,0xa,0xa,0xa,0xa,0xa,0xa,0xa,0xa,0xa,0xa,0xa,0xa,0xa,0xa,
0xd,0xd,0xd,0xd,0xd,0xd,0xd,0xd,0xd,0xd,0xd,0xd,0xd,0xd,0xd,0xd,
0xa,0xa,0xd,0xd,0xd,0xd,0xd,0xd,0xd,0xd,0xd,0xd,0xd,0xd,0xd,0xd,
0xa,0xa,0xa,0xa,0xa,0xa,0xa,0xa,0x12,0x12,0x12,0x12,0x12,0x12,0x12,0x12,
0x12,0x12,0x12,0x12,0x12,0x12,0x12,0x12,0xd,0xd,0xd,0xd,0xd,0xd,0xd,0xd,
0xd,0xd,0xd,0xd,0xd,0xa,0xa,0xa,0xb1,0xb1,0xb1,0xb1,0xb1,0xb1,0xb1,0xb1,
0xb1,0xb1,0xb1,0xb1,0xb1,0xb1,0xb1,0xb1,0xa,0xa,0xa,0xa,0xa,0xa,0xa,0xa,
0xa,0xa,0,0,0,0,0,0,0xb1,0xb1,0xb1,0xb1,0xb1,0xb1,0xb1,0xb1,
0xb1,0xb1,0xb1,0xb1,0xb1,0xb1,0xb1,0xb1,0xa,0xa,0xa,0xa,0xa,0xa,0xa,0xa,
0xa,0xa,0xa,0xa,0xa,0xa,0xa,0xa,6,0xa,6,0,0xa,6,0xa,0xa,
0xa,0x310a,0xf20a,0x310a,0xf20a,0x310a,0xf20a,4,0xa,0xa,3,3,0x300a,0xf00a,0xa,0,
0xa,4,4,0xa,0,0,0,0,0xd,0xd,0xd,0xd,0xd,0xd,0xd,0xd,
0xd,0xd,0xd,0xd,0xd,0xd,0xd,0xd,0xd,0xd,0xd,0xd,0xd,0xd,0xd,0xd,
0xd,0xd,0xd,0xd,0xd,0xd,0xd,0xb2,0,0xa,0xa,4,4,4,0xa,0xa,
0x310a,0xf20a,0xa,3,6,3,6,6,2,2,2,2,2,2,2,2,
2,2,6,0xa,0x500a,0xa,0xd00a,0xa,0xa,0,0,0,0,0,0,0,
0,0,0,0,0,0,0,0,0,0,0,0,0,0,0,0,
0,0,0,0x510a,0xa,0xd20a,0xa,0x310a,0xf20a,0xa,0x310a,0xf20a,0xa,0xa,0,0,
0,0,0,0,0,0,0,0,0,0,0,0,0,0,0,0,
0,0,0,0,0,0,0,0,4,4,0xa,0xa,0xa,4,4,0,
0xa,0xa,0xa,0xa,0xa,0xa,0xa,0,0x12,0x12,0x12,0x12,0x12,0x12,0x12,0x12,
0x12,0xaa,0xaa,0xaa,0xa,0xa,0x12,0x12,0,0xa,0,0,0,0,0,0,
0,0,0,0,0,0,0,0,0,0,0,0,0,0,0,0,
0,0,0,0,0,0,0,0,0xa,0xa,0xa,0xa,0xa,0xa,0xa,0xa,
0xa,0xa,0xa,0xa,0xa,0,0,0,0xa,0xa,0xa,0xa,0xa,0xa,0xa,0xa,
0xa,0xa,0xa,0xa,0xa,0,0,0,0xb1,2,2,2,2,2,2,2,
2,2,2,2,2,2,2,2,2,2,2,2,2,2,2,2,
2,2,2,2,0,0,0,0,0,0,0,0,0,0,0,0,
0,0,0,0,0,0,0,0,0,0,0xb1,0xb1,0xb1,0xb1,0xb1,0,
0,0,0,0,1,1,1,1,1,1,1,1,1,1,1,1,
1,1,1,1,1,1,1,1,1,1,1,1,1,1,1,1,
1,1,1,0xa,1,0xb1,0xb1,0xb1,1,0xb1,0xb1,1,1,1,1,1,
0xb1,0xb1,0xb1,0xb1,1,1,1,1,1,1,1,1,1,1,1,1,
1,1,1,1,1,1,1,1,1,1,1,1,0xb1,0xb1,0xb1,1,
1,1,1,0xb1,0x41,0x81,1,1,0x81,0xb1,0xb1,1,1,1,1,0x41,
0x41,0x41,0x41,0x81,1,1,1,1,1,1,1,1,1,1,1,1,
1,1,1,1,0x41,0x41,0x41,0x41,0x41,0x81,1,0x81,1,0x81,0x81,1,
1,0x61,0x81,0x81,0x81,0x81,0x81,0x41,0x41,0x41,0x41,0x61,0x41,0x41,0x41,0x41,
0x41,0x81,0x41,0x41,1,1,1,1,1,1,1,1,1,1,1,1,
1,1,1,1,1,1,1,1,1,1,1,1,1,0xa,0xa,0xa,
0xa,0xa,0xa,0xa,0x41,0x81,0x41,0x81,0x81,0x81,0x41,0x41,0x41,0x81,0x41,0x41,
0x81,0x41,0x81,0x81,0x41,0x81,1,1,1,1,1,1,1,1,1,1,
1,1,1,1,1,0x81,0x81,0x81,0x81,0x41,0x41,1,1,1,1,1,
1,1,1,1,1,1,1,1,1,1,1,1,0x4d,0x4d,0x8d,0x4d,
0xb1,0xb1,0xb1,0xb1,0xd,0xd,0xd,0xd,0xd,0xd,0xd,0xd,5,5,5,5,
5,5,5,5,5,5,0xd,0xd,0xd,0xd,0xd,0xd,0x6d,0x4d,0x4d,0x4d,
0x4d,0x4d,0x4d,0x4d,0x4d,0x4d,0x4d,0x4d,0x4d,0x4d,0x4d,0x4d,0x4d,0x4d,0x4d,0x4d,
0x4d,0x4d,0x4d,0x4d,0x4d,0x4d,0x4d,0x4d,0x4d,0x4d,0x4d,0x4d,1,1,1,1,
1,1,1,1,1,0xb1,0xb1,0xb1,0xb1,0xb1,0xa,1,1,1,1,1,
1,1,1,1,1,1,1,1,1,1,1,1,5,5,5,5,
5,5,5,5,5,5,1,1,1,1,1,1,1,1,1,1,
1,1,1,1,1,1,1,1,1,1,1,1,5,5,5,5,
5,5,5,5,5,5,5,5,5,5,5,5,5,5,5,5,
5,5,5,5,5,5,5,5,5,5,5,1,1,1,1,1,
1,1,1,1,1,1,1,0xb1,0xb1,1,1,1,1,1,1,1,
1,1,1,1,1,1,1,1,1,1,1,1,0xd,0xd,0x8d,0x4d,
0x4d,0xd,0x4d,0x4d,0xd,0xd,0xd,0xd,0xd,0xd,0xd,0xd,0xa,0xa,0xa,0xa,
0xa,0xa,0xa,0xa,0xa,0xd,0xd,0xd,0xd,0xd,0xd,0xd,1,1,1,1,
1,1,1,1,1,1,1,1,1,1,1,1,0x4d,0x4d,0x4d,0x8d,
0x4d,0x4d,0x4d,0x4d,0x4d,0x4d,0x4d,0x4d,0x4d,0x4d,0x4d,0x4d,0x4d,0xd,0xb1,0xb1,
0xb1,0xb1,0xb1,0xb1,0xb1,0xb1,0xb1,0xb1,0xb1,0x4d,0x4d,0x4d,0x8d,0xd,0xd,0xd,
0xd,0xd,0xd,0xd,0xd,0xd,0xd,0xd,0xd,0xd,0xd,0xd,0xd,0xd,0xd,0xd,
0x41,0x41,0x41,0x41,0x81,0x81,0x41,0x41,0x41,0x41,0x41,0x41,0x41,0x41,0x41,0x41,
0x41,0x41,0xb1,0xb1,0xb1,0xb1,1,1,1,1,1,1,1,1,1,1,
1,1,1,1,1,1,1,1,1,1,1,1,1,1,1,1,
0x41,1,0x41,0x41,0x81,0x81,0x81,1,0x41,0x81,0x81,0x41,0x41,0x81,0x41,0x41,
1,0x41,0x81,0x81,0x41,1,1,1,1,0x81,0x41,0x61,1,1,1,1,
1,1,1,1,1,1,1,1,1,1,1,1,1,1,1,1,
0,0,0,0,0,0,0,0,0,0,0,0,0,0,0,0,
0,0,0,0,0,0,0,0,0xb1,0xb1,0xb1,0xb1,0xb1,0xb1,0xb1,0xb1,
0xb1,0xb1,0xb1,0,0,0,0,0,0,0,0,0,0,0,0xa,0xa,
0xa,0xa,0xa,0xa,0xa,0xa,0xa,0xa,0xa,0xa,0xa,0xa,0xa,0xa,0,0,
0,0,0,0,0,0,0,0,0xb1,0,0,0xb1,0xb1,0,0,0,
0,0,0,0,0,0,0,0xb1,0,0,0,0,0,0,0,0,
0,0,0,0,0,0,0,0,0,0,0,0xb1,0xb1,0xb1,0xb1,0,
0,0xb1,0xb1,0,0,0,0,0,0,0,0,0xb1,0xb1,0xb1,0xb1,0xb1,
0,0xb1,0xb1,0xb1,0xb1,0xb1,0xb1,0xb1,0xb1,0,0,0,0,0,0,0,
0,0,0,0,0,0,0,0,0,0,0,0,0,0,0,0xb1,
0,0,0,0,0,0,0,0,0,0,0,0,0,0,0,0,
0,0,0,0,0,0,0xb1,0xb1,0xb1,0xb1,0xb1,0xb1,0xb1,0xb1,0xb1,0,
0,0,0,0,0,0,0,0,0,0xb1,0xb1,0xb1,0xb1,0,0,0xb1,
0,0,0,0,0,0,0,0,0,0,0,0,0,0,0,0,
0,0,0,0xb1,0xb1,0xb1,0,0,0xb1,0,0xb1,0xb1,0,0,0,0,
0,0,0xb1,0,0,0,0,0xb1,0xb1,0xb1,0xb1,0xb1,0xb1,0xb1,0xb1,0,
0,0,0,0,0,0,0,0,0,0,0,0,0,0,0,0,
0,0,0,0,0,0,0xb1,0xb1,0xb1,0xb1,0xb1,0xb1,0xb1,0,0,0,
0xb1,0xb1,0xb1,0xb1,0xb1,0,0,0,0,0,0,0,0,0,0,0,
0,0,0,0,0,0,0,0,0,0,0,0,0,0,0,0,
0,0,0,0xb1,0xb1,0xb1,0xb1,0xb1,0xb1,0,0,0,0,0,0,0,
0,0,0,0,0,0,0xb1,0,0xb1,0,0xb1,0,0,0,0,0,
0,0,0,0,0,0,0,0,0,0,0xb1,0xb1,0xb1,0,0xb1,0,
0,0,0,0,0,0,0,0,0,0,0,0,0,0,0,0,
0,0,0,0,0,0,0xb1,0,0,0,0,0,0,0,0,0,
0,0,0,0,0,0,0,0,0,0,0,0xb1,0xb1,0xb1,0xb1,0xb1,
0xb1,0,0xb1,0,0,0,0,0xb1,0xb1,0,0xb1,0xb1,0,0,0,0,
0,0,0,0,0,0,0,0,0,0,0,0,0,0,0,0,
0,0,0,0,0,0,0,0,0,0,0xb1,0xb1,0xb1,0xb1,0,0,
0,0,0,0,0xb1,0xb1,0,0xb1,0xb1,0,0,0,0,0,0,0,
0,0,0,0,0,0,0,0,0,0,0,0,0,0,0,0,
0,0,0,0,0xb1,0xb1,0,0,0,0,0,0,0,0,0,0,
0,0,0,0,0,0,0,0,0,0,0,0xb1,0xb1,0xb1,0xb1,0xb1,
0xb1,0xb1,0xb1,0,0,0xb1,0,0xb1,0xa,0xa,0xa,0xa,0xa,0xa,0xa,0xa,
0xa,0xa,0xa,0xa,0xa,0,0,0,0,0,0,0,0,0,0,0,
0,0,0,0,0,0,0,0,0,0,0,0xb1,0,0xb1,0,0,
0xb1,0xb1,0xb1,0xb1,0xb1,0xb1,0,0xb1,0,0,0,0,0,0,0,0,
0,0,0,0,0,0,0,0,0,0,0,0,0,0,0,0,
0,0,0,0,0,0xb1,0,0xb1,0,0,0xb1,0xb1,0xb1,0xb1,0,0xb1,
0xb1,0xb1,0xb1,0xb1,0,0,0,0,0,0,0,0,0,0,0,0,
0,0,0,0,0,0,0,0,0,0,0,0xb1,0xb1,0xb1,0xb1,0xb1,
0xb1,0xb1,0xb1,0xb1,0,0xb1,0xb1,0,0,0,0,0,0,0,0,0,
0,0,0,0,0,0,0,0,0,0,0,0,0,0,0,0,
0,0,0,0xb1,0xb1,0,0xb1,0,0,0,0,0xb1,0,0,0,0,
0,0,0,0,0,0,0,0,0,0,0,0,0,0,0,0,
0,0,0,0,0,0,0,0,0xb1,0xb1,0xb1,0xb1,0,0,0xb1,0xb1,
0,0,0,0,0,0xb1,0xb1,0xb1,0xb1,0xb1,0xb1,0xa0,0xa0,0xb1,0xb1,0,
0,0,0,0,0,0,0,0,0,0,0,0,0,0,0,0,
0,0,0,0,0,0,0,0xb1,0xb1,0xb1,0xb1,0xb1,0xb1,0,0,0xb1,
0xb1,0xb1,0xb1,0,0,0,0,0,0,0,0,0xb1,0,0,0,0,
0,0,0,0,0,0xb1,0xb1,0xb1,0xb1,0xb1,0xb1,0,0,0xb1,0xb1,0xb1,
0,0,0,0,0,0,0,0,0,0,0xb1,0xb1,0xb1,0xb1,0xb1,0xb1,
0xb1,0xb1,0xb1,0xb1,0xb1,0xb1,0xb1,0,0xb1,0xb1,0,0,0,0,0,0,
0xb1,0,0xb1,0xb1,0xb1,0,0xb1,0,0,0,0,0,0,0,0,0,
0,0,0,0,0,0,0,0,0,0,0,0,0,0,0,0,
0xb1,0xb1,0xb1,0xb1,0xb1,0xb1,0xb1,0,0xb1,0xb1,0xb1,0xb1,0xb1,0xb1,0,0xa0,
0xb1,0xb1,0xb1,0xb1,0xb1,0xb1,0xb1,0xb1,0,0,0xb1,0xb1,0xb1,0xb1,0xb1,0xb1,
0xb1,0,0xb1,0xb1,0,0xb1,0xb1,0,0,0,0,0,0,0,0,0,
0,0,0,0,0,0,0,0,0,0,0xb1,0xb1,0xb1,0xb1,0xb1,0xb1,
0xb1,0xb1,0xb1,0xb1,0xb1,0xb1,0xb1,0xb1,0,0,0,0,0,0,0,0,
0,0,0,0,0,0,0,0,0,0xb1,0xb1,0xb1,0xb1,0xb1,0xb1,0,
0,0,0xb1,0,0xb1,0xb1,0,0xb1,0,0,0,0,0,0,0,0,
0,0,0,0,0,0,0,0,0xb1,0xb1,0,0,0,0xb1,0,0xb1,
0,0,0,0,0,0,0,0,4,0xa,0xa,0xa,0xa,0xa,0xa,0xa,
0xa,0xa,0xa,0xa,0xa,0xa,0xa,0xa,0xa,0xa,0,0,0,0,0,0,
0,0,0,0,0,0,0,0,0,0,0,0,0,0,0,0,
0,0xa,0xa,0xa,0xa,0xa,0xa,0xa,0xa,4,4,4,0,0,0,0,
0,0,0,0,0,0,0,0,0,0,0,0,0xa0,0xa0,0xa0,0xa0,
0xa0,0xa0,0xa0,0xa0,0xa0,0xa0,0xa0,0xa0,0xa0,0xa0,0xa0,0xa0,0xb1,0,0,0,
0,0,0,0xb1,0xb1,0xb1,0xb1,0xb1,0xb1,0xb1,0xb1,0xb1,0xb1,0xb1,0xb1,0xb1,
0xb1,0xb1,0,0,0,0,0,0,0,0,0,0,0xb1,0xb1,0xb1,0xb1,
0xb1,0xb1,0xb1,0xb1,0xb1,0xb1,0,0,0,0xb1,0xb1,0xb1,0,0,0,0,
0,0,0,0,0,0,0,0,0,0,0,0,0xb1,0xb1,0xb1,0xb1,
0xb1,0,0,0,0,0,0,0,0,0,0,0,0,0,0,0,
0,0,0,0,0xb1,0xb1,0xb1,0xb1,0xb1,0xb1,0xb1,0,0,0,0,0,
0,0,0,0,0,0,0,0,0,0,0,0xb1,0xb1,0xb1,0xb1,0,
0,0,0,0,0,0,0,0,0,0,0,0,0,0,0xa,0,
0xb1,0,0,0,0,0,0,0,0,0,0,0,0,0,0,0,
0,0,0,0,0,0,0,0,0,0,0,0,0xb2,0xb2,0xb2,0xb2,
0,0,0,0,0,0,0,0,0,0,0,0,0,0,0,0,
0,0,0,0,0,0,0,0,0,0,0,0,2,2,2,2,
2,2,2,2,2,2,0xa,0xa,0xa,0,0,0,0xa,0xa,0xa,0xa,
0xa,0xa,0xa,0xa,0xa,0xa,0xa,0xa,0xa,0xa,0xa,0xa,0xa,0xa,0xa,0xa,
0,0,0,0,0,0,0xa,0xa,0xa,0xa,0xa,0xa,0xa,0xa,0xa,0xa,
0xa,0xa,0xa,0xa,0xa,0xa,0xa,0xa,0xa,0,0,0,0,0,0,0,
0,0,0,0,0,0,0,0,0xb1,0xb1,0xb1,0xb1,0xb1,0xb1,0xb1,0xb1,
0xb1,0xb1,0xb1,0xb1,0xb1,0xb1,0,0,0xb1,0xb1,0xb1,0xb1,0xb1,0xb1,0xb1,0xb1,
0xb1,0xb1,0xb1,0xb1,0xb1,0xb1,0xb1,0xb1,0,0,0,0,0,0,0,0xb1,
0xb1,0xb1,0,0,0,0,0,0,0,0,0,0xb2,0xb2,0xb2,0xb2,0xb2,
0xb2,0xb2,0xb2,0xb1,0xb1,0xb1,0xb1,0xb1,0xb1,0xb1,0xb1,0,0,0xb1,0xb1,0xb1,
0xb1,0xb1,0xb1,0xb1,0,0,0,0,0,0,0,0,0,0,0,0,
0,0,0,0,0,0,0,0,0,0,0xb1,0xb1,0xb1,0xb1,0,0,
0,0,0,0,0,0,0,0,0,0,0,0,0,0,0,0,
0,0xa,0xa,0,0,0,0,0,0,0,0,0,0,0,0,0,
0,0,0,0,0,0,0,0,0xa,0xa,0xb1,0xb1,0xb1,0xa,0,0,
0,0,0,0,0,0,0,0,0,0,0,0,0,0,0,0,
0,0,0,0,0,0,0,0,0xa,0xa,0xa,0xa,0xa,0xa,0xa,0xa,
0xa,0xa,0xa,0xa,0xa,0xa,0xa,0xa,0xa,0xa,0xa,0xa,0xa,0xa,0xa,0,
0,0,0,0,0,0,0,0,0,0xa,0,0,0,0,0,0,
0,0,0,0,0,0,0,0,0,0,0,0,0,0,0,0,
0,0,0,0x100a,0,0,0,0,0,0,0,0,0,0,0,0,
0,0,0,0,0,0,0,0,0,0x100a,0,0,0,0,0,0,
0,0,0,0,0,0,0,0,0,0,0,0,0,0,0,0,
0,0xa,0,0,0,0,0,0,0,0,0,0,0,0,0,0x100a,
0,0,0,0,0,0,0,0,0,0,2,2,2,2,2,2,
2,2,2,2,2,2,2,2,2,2,2,2,2,2,2,2,
2,2,2,2,2,2,2,2,2,2,2,2,0xb1,0xb1,0xb1,0xb1,
0xb1,0xb1,0xb1,0xb1,0xb1,0xb1,0xb1,0xb1,0xb1,0xb1,0xb1,0xb1,0xb1,0xb1,0xb1,0xb1,
0xb1,0xb1,0xb1,0,0,0,0,0xb1,0xb1,0xb1,0xb1,0xb1,0xb1,0xb1,0xb1,0xb1,
0xb1,0xb1,0xb1,0xb1,0xb1,0,0,0,0,0,0,0,0,0xb1,0,0,
0,0,0,0,0,0,0,0,0xb1,0,0,0,0,0,0,0,
0,0,0,0,0,0,0,0,0,0,0,0,0,0,0,0xb1,
0xb1,0xb1,0xb1,0xb1,0,0xb1,0xb1,0xb1,0xb1,0xb1,0xb1,0xb1,0xb1,0xb1,0xb1,0xb1,
0xb1,0xb1,0xb1,0xb1,0,0,0,0,0,0,0,0,0,0,0,0,
0,0,0,0,0xb1,0xb1,0xb1,0xb1,0xb1,0xb1,0xb1,0,0xb1,0xb1,0xb1,0xb1,
0xb1,0xb1,0xb1,0xb1,0xb1,0xb1,0xb1,0xb1,0xb1,0xb1,0xb1,0xb1,0xb1,0,0,0xb1,
0xb1,0xb1,0xb1,0xb1,0xb1,0xb1,0,0xb1,0xb1,0,0xb1,0xb1,0xb1,0xb1,0xb1,0,
0,0,0,0,0,0,0,0,0,0,0,0,0,0,0,0,
0,0,0,0,0xb1,0xb1,0xb1,0xb1,0,0,0,0,0,0,0,0,
0,0,0,0,0,0,0,4,0,0,0,0,0,0,0,0,
0,0,0,0,0xb1,0xb1,0xb1,0xb1,0,0,0,0,0,0,0,0,
0,0,0,0,0,0,0,0,0,0,0xb1,0xb1,0,0,0,0,
0,0,0,0,0,0,0,0,0,0,0,0,0,0,0,0xb1,
0,0,0xb1,0,0,0,0,0,0,0,0xb1,0xb1,0,0,0,0,
0,0xb1,0,0,0,0,0,0,0,0,0,0,1,1,1,1,
1,1,1,1,1,1,1,1,1,1,1,1,0xb1,0xb1,0xb1,0xb1,
0xb1,0xb1,0xb1,1,1,1,1,1,1,1,1,1,0x41,0x41,0x41,0x41,
0x41,0x41,0x41,0x41,0x41,0x41,0x41,0x41,0x41,0x41,0x41,0x41,0x41,0x41,0x41,0x41,
0x41,0x41,0x41,0x41,0x41,0x41,0x41,0x41,0x41,0x41,0x41,0x41,0xb1,0xb1,0xb1,0xb1,
0xb1,0xb1,0xb1,0xa1,1,1,1,1,1,1,1,1,1,1,1,1,
1,1,1,1,1,1,1,1,0xd,0xd,0xd,0xd,0xd,0xd,0xd,0xd,
0xd,0xd,0xd,0xd,0xd,0xd,0xd,0xd,1,1,1,1,1,1,1,1,
1,1,1,1,1,1,1,1,0xa,0xa,0xa,0xa,0xa,0xa,0xa,0xa,
0xa,0xa,0xa,0xa,0,0,0,0,0xa,0xa,0xa,0xa,0xa,0xa,0xa,0xa,
0xa,0xa,0xa,0xa,0xa,0xa,0xa,0xa,0xa,0xa,0xa,0,0,0xa,0xa,0xa,
0xa,0xa,0xa,0xa,0xa,0xa,0xa,0xa,0xa,0xa,0xa,0xa,0,0xa,0xa,0xa,
0xa,0xa,0xa,0xa,0xa,0xa,0xa,0xa,0xa,0xa,0xa,0xa,2,2,2,2,
2,2,2,2,2,2,2,0xa,0xa,0xa,0xa,0xa,0,0,0,0,
0,0,0,0,0,0,0,0,0,0,0,0,0,0,0xa,0xa,
0xa,0xa,0xa,0xa,0,0,0,0,0,0,0,0,0,0,0,0,
0,0,0,0,0,0xa,0,0,0,0,0,0,0,0,0,0,
0,0,0,0,0,0,0,0,0xa,0xa,0xa,0xa,0xa,0xa,0xa,0xa,
0xa,0xa,0xa,0xa,0xa,0xa,0xa,0xa,0xa,0xa,0xa,0xa,0xa,0xa,0xa,0xa,
0xa,0,0,0,0xa,0xa,0xa,0xa,0xa,0xa,0xa,0xa,0xa,0xa,0xa,0xa,
0xa,0xa,0xa,0xa,0xa,0xa,0xa,0xa,0xa,0xa,0xa,0xa,0xa,0xa,0,0,
0,0,0,0,0xa,0xa,0xa,0xa,0xa,0xa,0xa,0xa,0xa,0xa,0xa,0xa,
0,0,0,0,0xa,0,0,0,0,0,0,0,0,0,0,0,
0,0,0,0,0xa,0xa,0xa,0xa,0xa,0xa,0xa,0xa,0,0,0,0,
0,0,0,0,0xa,0xa,0xa,0xa,0xa,0xa,0xa,0xa,0xa,0xa,0,0,
0,0,0,0,0xa,0xa,0xa,0xa,0xa,0xa,0xa,0xa,0,0,0,0,
0,0,0,0,0xa,0xa,0xa,0xa,0xa,0xa,0xa,0xa,0xa,0xa,0xa,0xa,
0xa,0xa,0xa,0xa,0xa,0xa,0,0,0xa,0xa,0xa,0xa,0xa,0xa,0xa,0xa,
0xa,0xa,0xa,0xa,0,0,0,0,0xa,0xa,0,0,0,0,0,0,
0,0,0,0,0,0,0,0,0xa,0xa,0xa,0xa,0xa,0xa,0xa,0xa,
0xa,0,0,0,0,0,0,0,0xa,0xa,0xa,0xa,0xa,0xa,0xa,0xa,
0xa,0xa,0xa,0xa,0xa,0xa,0,0,0xa,0xa,0xa,0xa,0xa,0xa,0xa,0xa,
0xa,0xa,0xa,0xa,0xa,0,0,0,0xa,0xa,0xa,0xa,0xa,0xa,0xa,0xa,
0xa,0xa,0xa,0,0,0,0xa,0xa,0xa,0xa,0xa,0xa,0xa,0xa,0xa,0xa,
0xa,0xa,0xa,0xa,0xa,0xa,0xa,0xa,0xa,0xa,0xa,0,0xa,0,0,0,
0,0xa,0xa,0xa,0xa,0xa,0xa,0xa,0xa,0xa,0xa,0xa,0xa,0xa,0xa,0xa,
0xa,0,0,0xa,0xa,0xa,0xa,0xa,0xa,0xa,0xa,0xa,0xa,0xa,0xa,0,
0,0,0,0xa,0xa,0xa,0xa,0xa,0xa,0xa,0xa,0xa,0xa,0,0,0,
0,0,0,0,0xa,0xa,0xa,0xa,0xa,0xa,0xa,0xa,0xa,0xa,0xa,0xa,
0xa,0xa,0xa,0xa,0xa,0xa,0xa,0,0xa,0xa,0xa,0xa,0xa,0xa,0xa,0xa,
0xa,0xa,0xa,0xa,0xa,0xa,0xa,0xa,2,2,2,2,2,2,2,2,
2,2,0xa,0,0,0,0,0,0,0,0,0,0,0,0,0,
0,0,0,0,0,0,0,0,0,0,0,0,0,0,0,0,
0,0,0x12,0x12,0xb2,0xb2,0xb2,0xb2,0xb2,0xb2,0xb2,0xb2,0xb2,0xb2,0xb2,0xb2,
0xb2,0xb2,0xb2,0xb2,0xb2,0xb2,0xb2,0xb2,0xb2,0xb2,0xb2,0xb2,0xb2,0xb2,0xb2,0xb2,
0xb2,0xb2,0xb2,0xb2,0x12,0xb2,0x12,0x12,0x12,0x12,0x12,0x12,0x12,0x12,0x12,0x12,
0x12,0x12,0x12,0x12,0x12,0x12,0x12,0x12,0x12,0x12,0x12,0x12,0x12,0x12,0x12,0x12,
0x12,0x12,0x12,0x12,0x12,0x12,0x12,0x12,0xb1,0xb1,0xb1,0xb1,0xb1,0xb1,0xb1,0xb1,
0xb1,0xb1,0xb1,0xb1,0xb1,0xb1,0xb1,0xb1,0x12,0x12,0x12,0x12,0x12,0x12,0x12,0x12,
0x12,0x12,0x12,0x12,0x12,0x12,0x12,0x12,0,0,0,0
};

static const uint32_t ubidi_props_mirrors[40]={
0x2000ab,0xbb,0x4202215,0x4e0221f,0x3e02220,0x3a02221,0x3c02222,0x4c02224,0x2202243,0x1402245,0x120224c,0x4002298,0x44022a6,0x48022a8,0x46022a9,0x4a022ab,
0x38022b8,0x10022cd,0x2e022f2,0x30022f3,0x32022f4,0x34022f6,0x36022f7,0x24022fa,0x26022fb,0x28022fc,0x2a022fd,0x2c022fe,0x20027dc,0xa0299b,0xc029a0,0x8029a3,
0x16029b8,0x4029f5,0x1802ade,0x1c02ae3,0x1a02ae4,0x1e02ae5,0xe02aee,0x602bfe
};

static const uint8_t ubidi_props_jgArray[684]={
0x68,0,3,3,0x2c,3,0x2d,3,4,0x2a,4,4,0xd,0xd,0xd,6,
6,0x1f,0x1f,0x23,0x23,0x21,0x21,0x28,0x28,1,1,0xb,0xb,0x37,0x37,0x37,
0,9,0x1d,0x13,0x16,0x18,0x1a,0x10,0x2c,0x2d,0x2d,0,0,0,0,0,
0,0,0,0,0,0,0,0,0,0,0,0,0,0,0,0,
0,0,0,0,0,0,0,0,0,0,0,0,0,0,4,0x1d,
0,3,3,3,0,3,0x2c,0x2c,0x2d,4,4,4,4,4,4,4,
4,0xd,0xd,0xd,0xd,0xd,0xd,0xd,6,6,6,6,6,6,6,6,
6,0x1f,0x1f,0x1f,0x1f,0x1f,0x1f,0x1f,0x1f,0x1f,0x23,0x23,0x23,0x21,0x21,0x28,
1,9,9,9,9,9,9,0x1d,0x1d,0xb,0x26,0xb,0x13,0x13,0x13,0xb,
0xb,0xb,0xb,0xb,0xb,0x16,0x16,0x16,0x16,0x1a,0x1a,0x1a,0x1a,0x38,0x15,0xd,
0x2a,0x11,0x11,0xe,0x2c,0x2c,0x2c,0x2c,0x2c,0x2c,0x2c,0x2c,0x37,0x2f,0x37,0x2c,
0x2d,0x2d,0x2e,0x2e,0,0x2a,0,0,0,0,0,0,0,0,0,0,
0,0,0,0,0,0,0,0,0,0,0,0,0,0,6,0x1f,
0,0,0,0,0,0,0,0,0,0,0x23,0x21,1,0,0,0x15,
0,0,0,0,0,0,0,0,0,0,0,0,0,0,0,0,
2,0,5,0xc,0xc,7,7,0xf,0x27,0x32,0x12,0x2b,0x2b,0x30,0x31,0x14,
0x17,0x19,0x1b,0x24,0xa,8,0x1c,0x20,0x22,0x1e,7,0x25,0x29,5,0xc,7,
0,0,0,0,0,0,0,0,0,0,0,0,0,0,0,0,
0,0,0,0,0,0,0,0,0,0,0,0,0,0x35,0x34,0x33,
4,4,4,4,4,4,4,0xd,0xd,6,6,0x1f,0x23,1,1,1,
9,9,0xb,0xb,0xb,0x18,0x18,0x1a,0x1a,0x1a,0x16,0x1f,0x1f,0x23,0xd,0xd,
0x23,0x1f,0xd,3,3,0x37,0x37,0x2d,0x2c,0x2c,0x36,0x36,0xd,0x23,0x23,0x13,
0,0,0,0,0,0,0,0,0,0,0,0,0,0,0,0,
0,0,0,0,0,0,0,0,0,0,0,0,0,0,0,0,
0,0,0,0,0,0,0,0,0,0,0,0,0,0,0,0,
0,0,0,0,0,0,0,0,0,0,0,0,0,0,0,0,
0,0,0,0,0,0,0,0,0,0,0,0,0,0,0,0,
0,0,0,0,0,0,0,0,0,0,0,0,0,0,0,0,
0,0,0,0,0,0,0,0,0,0,0,0,0,0,0,0,
0,0,0,0,0,0,0,0,0,0,0,0,0,0,0,0,
0,0,0,0,0,0,0,0,0,0,0,0,0,0,0,0,
0,0,0,0,0,0,0,0,0,0,0,0,0,0,0,0,
0,0,0,0,0,0,0,0,0,0,0,0,0,0,0,0,
0,0,0,0,0,0,0,0,0,0,0,0,0,0,0,0,
0,0,0,0,0,0,0,0,0,0,0,0,0,0,0,0,
0,0,0,0,0,0,0,0,0,0,0,0,0,0,0,0,
0x5d,0x5a,0x60,0x63,0x5e,0x5f,0x59,0x61,0x5b,0x5c,0x62,0,0,0,0,0,
3,3,3,3,3,3,3,3,3,3,3,3,3,3,3,3,
3,3,3,0,0,0,0x66,0,0,0x1a,0xd,0x28,0x28,0xb,0x67,0x1a,
0,0,0,0,0,0,0,0,0,0,0,0,0,0,0,0,
4,4,0xd,0x28,9,0x1d,0x16,0x18,0x2d,0x2d,0x1f,0x2c,0x39,0,6,0x21,
0xb,0x55,0x1f,1,0x13,0x1d,4,4,4,0x1f,0x2d,0x56,0x58,0x57,4,4,
4,0xd,0xb,1,0x58,0xd,0xd,0x16,0xb,0,0,0
};

static const uint8_t ubidi_props_jgArray2[1032]={
0x3a,0x3c,0x3c,0x40,0x40,0x3d,0,0x52,0,0x54,0x54,0,0,0x41,0x4f,0x53,
0x43,0x43,0x43,0x44,0x3e,0x50,0x45,0x46,0x4c,0x3b,0x3b,0x48,0x48,0x4b,0x49,0x49,
0x49,0x4a,0,0,0x4d,0,0,0,0,0,0,0x47,0x3f,0x4e,0x51,0x42,
0,0,0,0,0,0,0,0,0,0,0,0,0,0,0,0,
0,0,0,0,0,0,0,0,0,0,0,0,0,0,0,0,
0,0,0,0,0,0,0,0,0,0,0,0,0,0,0,0,
0,0,0,0,0,0,0,0,0,0,0,0,0,0,0,0,
0,0,0,0,0,0,0,0,0,0,0,0,0,0,0,0,
0,0,0,0,0,0,0,0,0,0,0,0,0,0,0,0,
0,0,0,0,0,0,0,0,0,0,0,0,0,0,0,0,
0,0,0,0,0,0,0,0,0,0,0,0,0,0,0,0,
0,0,0,0,0,0,0,0,0,0,0,0,0,0,0,0,
0,0,0,0,0,0,0,0,0,0,0,0,0,0,0,0,
0,0,0,0,0,0,0,0,0,0,0,0,0,0,0,0,
0,0,0,0,0,0,0,0,0,0,0,0,0,0,0,0,
0,0,0,0,0,0,0,0,0,0,0,0,0,0,0,0,
0,0,0,0,0,0,0,0,0,0,0,0,0,0,0,0,
0,0,0,0,0,0,0,0,0,0,0,0,0,0,0,0,
0,0,0,0,0,0,0,0,0,0,0,0,0,0,0,0,
0,0,0,0,0,0,0,0,0,0,0,0,0,0,0,0,
0,0,0,0,0,0,0,0,0,0,0,0,0,0,0,0,
0,0,0,0,0,0,0,0,0,0,0,0,0,0,0,0,
0,0,0,0,0,0,0,0,0,0,0,0,0,0,0,0,
0,0,0,0,0,0,0,0,0,0,0,0,0,0,0,0,
0,0,0,0,0,0,0,0,0,0,0,0,0,0,0,0,
0,0,0,0,0,0,0,0,0,0,0,0,0,0,0,0,
0,0,0,0,0,0,0,0,0,0,0,0,0,0,0,0,
0,0,0,0,0,0,0,0,0,0,0,0,0,0,0,0,
0,0,0,0,0,0,0,0,0,0,0,0,0,0,0,0,
0,0,0,0,0,0,0,0,0,0,0,0,0,0,0,0,
0,0,0,0,0,0,0,0,0,0,0,0,0,0,0,0,
0,0,0,0,0,0,0,0,0,0,0,0,0,0,0,0,
0,0,0,0,0,0,0,0,0,0,0,0,0,0,0,0,
0,0,0,0,0,0,0,0,0,0,0,0,0,0,0,0,
0,0,0,0,0,0,0,0,0,0,0,0,0,0,0,0,
0,0,0,0,0,0,0,0,0,0,0,0,0,0,0,0,
0,0,0x65,0,0,0,0,0,0,0x65,0,0,0,0,0,0,
0,0,0,0,0,0,0,0,0,0x64,0,0,0x65,0,0x64,0,
0x64,0,0,0x64,0,0,0,0,0,0,0,0,0,0,0,0,
0,0,0,0,0,0,0,0,0,0,0,0,0,0,0,0,
0,0,0,0,0,0,0,0,0,0,0,0,0,0,0,0,
0,0,0,0,0,0,0,0,0,0,0,0,0,0,0,0,
0,0,0,0,0,0,0,0,0,0,0,0,0,0,0,0,
0,0,0,0,0,0,0,0,0,0,0,0,0,0,0,0,
0,0,0,0,0,0,0,0,0,0,0,0,0,0,0,0,
0,0,0,0,0,0,0,0,0,0,0,0,0,0,0,0,
0,0,0,0,0,0,0,0,0,0,0,0,0,0,0,0,
0,0,0,0,0,0,0,0,0,0,0,0,0,0,0,0,
0,0,0,0,0,0,0,0,0,0,0,0,0,0,0,0,
0,0,0,0,0,0,0,0,0,0,0,0,0,0,0,0,
0,0,0,0,0,0,0,0,0,0,0,0,0,0,0,0,
0,0,0,0,0,0,0,0,0,0,0,0,0,0,0,0,
0,0,0,0,0,0,0,0,0,0,0,0,0,0,0,0,
0,0,0,0,0,0,0,0,0,0,0,0,0,0,0,0,
0,0,0,0,0,0,0,0,0,0,0,0,0,0,0,0,
0,0,0,0,0,0,0,0,0,0,0,0,0,0,0,0,
0,0,0,0,0,0,0,0,0,0,0,0,0,0,0,0,
0,0,0,0,0,0,0,0,0,0,0,0,0,0,0,0,
0,0,0,0,0,0,0,0,0,0,0,0,0,0,0,0,
0,0,0,0,0,0,0,0,0,0,0,0,0,0,0,0,
0,0,0,0,0,0,0,0,0,0,0,0,0,0,0,0,
0,0,0,0,0,0,0,0,0,0,0,0,0,0,0,0,
0,0,0,0,0,0,0,0,0,0,0,0,0,0,0,0,
0,0,0,0,0,0,0,0,0,0,0,0,0,0,0,0,
0,0,6,0x28,0x13,0,0x69,0x2d
};

static const UBiDiProps ubidi_props_singleton={
  nullptr,
  ubidi_props_indexes,
  ubidi_props_mirrors,
  ubidi_props_jgArray,
  ubidi_props_jgArray2,
  {
    ubidi_props_trieIndex,
    ubidi_props_trieIndex+3668,
    nullptr,
    3668,
    9720,
    0x1a0,
    0xed4,
    0x0,
    0x0,
    0x110000,
    0x3448,
    nullptr, 0, false, false, 0, nullptr
  },
  { 2,2,0,0 }
};

#endif  // INCLUDED_FROM_UBIDI_PROPS_C
#else // APPLE_ICU_CHANGES
// Copyright (C) 2016 and later: Unicode, Inc. and others.
// License & terms of use: http://www.unicode.org/copyright.html
// Copyright (C) 1999-2016, International Business Machines
// Corporation and others.  All Rights Reserved.
//
// file name: ubidi_props_data.h
//
// machine-generated by: icu/tools/unicode/c/genprops/bidipropsbuilder.cpp

#ifdef INCLUDED_FROM_UBIDI_PROPS_C

static const UVersionInfo ubidi_props_dataVersion={0x10,0,0,0};

static const int32_t ubidi_props_indexes[UBIDI_IX_TOP]={0x10,0x7008,0x6878,0x28,0x620,0x8cb,0x10ac0,0x10ec5,0,0,0,0,0,0,0,0x6802b6};

static const uint16_t ubidi_props_trieIndex[13364]={
0x395,0x39d,0x3a5,0x3ad,0x3c5,0x3cd,0x3d5,0x3dd,0x3b5,0x3bd,0x3b5,0x3bd,0x3b5,0x3bd,0x3b5,0x3bd,
0x3b5,0x3bd,0x3b5,0x3bd,0x3e3,0x3eb,0x3f3,0x3fb,0x403,0x40b,0x407,0x40f,0x417,0x41f,0x41a,0x422,
0x3b5,0x3bd,0x3b5,0x3bd,0x42a,0x432,0x3b5,0x3bd,0x3b5,0x3bd,0x3b5,0x3bd,0x438,0x440,0x448,0x450,
0x458,0x460,0x468,0x470,0x476,0x47e,0x486,0x48e,0x496,0x49e,0x4a4,0x4ac,0x4b4,0x4bc,0x4c4,0x4cc,
0x4d8,0x4d4,0x4e0,0x4e8,0x4f0,0x500,0x507,0x4f8,0x50f,0x511,0x519,0x521,0x529,0x52a,0x532,0x53a,
0x542,0x52a,0x54a,0x54f,0x542,0x52a,0x557,0x55f,0x529,0x567,0x56f,0x521,0x577,0x3b5,0x57f,0x583,
0x58b,0x58d,0x595,0x59d,0x529,0x5a5,0x5ad,0x521,0x42c,0x5b1,0x532,0x521,0x529,0x3b5,0x5b9,0x3b5,
0x3b5,0x5bf,0x5c7,0x3b5,0x3b5,0x5cb,0x5d3,0x3b5,0x5d7,0x5de,0x3b5,0x5e6,0x5ee,0x5f5,0x576,0x3b5,
0x3b5,0x5fd,0x605,0x60d,0x615,0x3b5,0x3b5,0x3b5,0x3b5,0x3b5,0x3b5,0x3b5,0x3b5,0x3b5,0x3b5,0x3b5,
0x3b5,0x3b5,0x3b5,0x3b5,0x3b5,0x3b5,0x3b5,0x3b5,0x3b5,0x3b5,0x61d,0x3b5,0x625,0x3b5,0x3b5,0x3b5,
0x62d,0x3b5,0x3b5,0x3b5,0x3b5,0x3b5,0x3b5,0x3b5,0x3b5,0x3b5,0x3b5,0x3b5,0x3b5,0x3b5,0x3b5,0x3b5,
0x3b5,0x3b5,0x3b5,0x3b5,0x635,0x3b5,0x3b5,0x3b5,0x63d,0x536,0x536,0x536,0x3b5,0x643,0x64b,0x625,
0x661,0x653,0x653,0x669,0x670,0x659,0x3b5,0x3b5,0x3b5,0x678,0x680,0x3b5,0x3b5,0x3b5,0x682,0x68a,
0x692,0x3b5,0x699,0x6a1,0x3b5,0x6a9,0x50c,0x3b5,0x566,0x6b1,0x577,0x6b9,0x42c,0x6c1,0x3b5,0x6c8,
0x3b5,0x6cd,0x3b5,0x3b5,0x3b5,0x3b5,0x6d3,0x6db,0x3b5,0x3b5,0x3b5,0x3b5,0x3b5,0x3b5,0x403,0x403,
0x3b5,0x3b5,0x3b5,0x3b5,0x3b5,0x3b5,0x3b5,0x3b5,0x3b5,0x3b5,0x3b5,0x3b5,0x3b5,0x6e2,0x6ea,0x6ee,
0x706,0x70c,0x6f6,0x6fe,0x714,0x71c,0x720,0x5f8,0x728,0x730,0x738,0x3b5,0x740,0x68a,0x68a,0x68a,
0x750,0x758,0x760,0x768,0x76d,0x775,0x77d,0x748,0x785,0x78d,0x3b5,0x793,0x79a,0x68a,0x68a,0x68a,
0x68a,0x790,0x7a0,0x68a,0x7a8,0x3b5,0x3b5,0x687,0x68a,0x68a,0x68a,0x68a,0x68a,0x68a,0x68a,0x68a,
0x68a,0x68a,0x68a,0x68a,0x68a,0x7b0,0x68a,0x68a,0x68a,0x68a,0x68a,0x7b6,0x68a,0x68a,0x7be,0x7c6,
0x3b5,0x3b5,0x3b5,0x3b5,0x3b5,0x3b5,0x3b5,0x3b5,0x68a,0x68a,0x68a,0x68a,0x7d6,0x7de,0x7e6,0x7ce,
0x7f6,0x7fe,0x806,0x80d,0x814,0x81c,0x820,0x7ee,0x68a,0x68a,0x68a,0x828,0x82e,0x68a,0x68a,0x834,
0x3b5,0x3b5,0x3b5,0x3b5,0x3b5,0x3b5,0x3b5,0x83c,0x3b5,0x3b5,0x3b5,0x844,0x3b5,0x3b5,0x3b5,0x403,
0x84c,0x854,0x857,0x3b5,0x85f,0x68a,0x68a,0x68d,0x68a,0x68a,0x68a,0x68a,0x68a,0x68a,0x866,0x86c,
0x87c,0x874,0x3b5,0x3b5,0x884,0x62d,0x3b5,0x3dc,0x3b5,0x3b5,0x3b5,0x3b5,0x3b5,0x3b5,0x68a,0x88c,
0x3ea,0x3b5,0x86c,0x890,0x3b5,0x898,0x8a0,0x3b5,0x3b5,0x3b5,0x3b5,0x8a4,0x3b5,0x3b5,0x682,0x3db,
0x3b5,0x3b5,0x3b5,0x3b5,0x3b5,0x3b5,0x3b5,0x3b5,0x3b5,0x3b5,0x3b5,0x3b5,0x3b5,0x3b5,0x3b5,0x3b5,
0x3b5,0x3b5,0x3b5,0x3b5,0x3b5,0x3b5,0x3b5,0x3b5,0x3b5,0x3b5,0x3b5,0x3b5,0x3b5,0x3b5,0x3b5,0x3b5,
0x3b5,0x3b5,0x3b5,0x3b5,0x3b5,0x3b5,0x3b5,0x3b5,0x3b5,0x3b5,0x3b5,0x3b5,0x3b5,0x3b5,0x3b5,0x3b5,
0x3b5,0x3b5,0x3b5,0x3b5,0x3b5,0x3b5,0x3b5,0x3b5,0x3b5,0x3b5,0x3b5,0x3b5,0x3b5,0x3b5,0x3b5,0x3b5,
0x3b5,0x3b5,0x3b5,0x3b5,0x3b5,0x3b5,0x3b5,0x3b5,0x3b5,0x3b5,0x3b5,0x3b5,0x3b5,0x3b5,0x3b5,0x3b5,
0x3b5,0x3b5,0x3b5,0x3b5,0x3b5,0x3b5,0x3b5,0x3b5,0x3b5,0x3b5,0x3b5,0x3b5,0x3b5,0x3b5,0x3b5,0x3b5,
0x3b5,0x3b5,0x3b5,0x3b5,0x3b5,0x3b5,0x3b5,0x3b5,0x3b5,0x3b5,0x3b5,0x3b5,0x3b5,0x3b5,0x3b5,0x3b5,
0x3b5,0x3b5,0x3b5,0x3b5,0x3b5,0x3b5,0x3b5,0x3b5,0x3b5,0x3b5,0x3b5,0x3b5,0x3b5,0x3b5,0x3b5,0x3b5,
0x3b5,0x3b5,0x3b5,0x3b5,0x3b5,0x3b5,0x3b5,0x3b5,0x3b5,0x3b5,0x3b5,0x3b5,0x3b5,0x3b5,0x3b5,0x3b5,
0x3b5,0x3b5,0x3b5,0x3b5,0x3b5,0x3b5,0x3b5,0x3b5,0x3b5,0x3b5,0x3b5,0x3b5,0x3b5,0x3b5,0x3b5,0x3b5,
0x3b5,0x3b5,0x3b5,0x3b5,0x3b5,0x3b5,0x3b5,0x3b5,0x3b5,0x3b5,0x3b5,0x3b5,0x3b5,0x3b5,0x3b5,0x3b5,
0x3b5,0x3b5,0x3b5,0x3b5,0x3b5,0x3b5,0x3b5,0x3b5,0x3b5,0x3b5,0x3b5,0x3b5,0x3b5,0x3b5,0x3b5,0x3b5,
0x3b5,0x3b5,0x3b5,0x3b5,0x3b5,0x3b5,0x3b5,0x3b5,0x3b5,0x3b5,0x3b5,0x3b5,0x3b5,0x3b5,0x68a,0x68a,
0x3b5,0x3b5,0x3b5,0x3b5,0x3b5,0x3b5,0x3b5,0x3b5,0x3b5,0x3b5,0x3b5,0x3b5,0x3b5,0x3b5,0x3b5,0x3b5,
0x3b5,0x3b5,0x3b5,0x3b5,0x3b5,0x3b5,0x3b5,0x3b5,0x3b5,0x3b5,0x3b5,0x3b5,0x3b5,0x3b5,0x3b5,0x3b5,
0x3b5,0x3b5,0x3b5,0x3b5,0x3b5,0x3b5,0x3b5,0x3b5,0x3b5,0x3b5,0x3b5,0x3b5,0x3b5,0x3b5,0x3b5,0x3b5,
0x3b5,0x3b5,0x3b5,0x3b5,0x3b5,0x3b5,0x3b5,0x3b5,0x3b5,0x3b5,0x3b5,0x3b5,0x3b5,0x3b5,0x3b5,0x3b5,
0x3b5,0x3b5,0x3b5,0x3b5,0x3b5,0x3b5,0x3b5,0x3b5,0x3b5,0x3b5,0x3b5,0x3b5,0x3b5,0x3b5,0x3b5,0x3b5,
0x3b5,0x3b5,0x3b5,0x3b5,0x3b5,0x3b5,0x3b5,0x3b5,0x3b5,0x3b5,0x3b5,0x3b5,0x3b5,0x3b5,0x3b5,0x3b5,
0x3b5,0x3b5,0x3b5,0x3b5,0x3b5,0x3b5,0x3b5,0x3b5,0x3b5,0x3b5,0x3b5,0x3b5,0x3b5,0x3b5,0x3b5,0x3b5,
0x3b5,0x3b5,0x3b5,0x3b5,0x3b5,0x3b5,0x3b5,0x3b5,0x3b5,0x3b5,0x3b5,0x3b5,0x3b5,0x3b5,0x3b5,0x3b5,
0x3b5,0x3b5,0x3b5,0x3b5,0x3b5,0x3b5,0x3b5,0x3b5,0x3b5,0x3b5,0x3b5,0x3b5,0x3b5,0x3b5,0x3b5,0x3b5,
0x3b5,0x3b5,0x3b5,0x3b5,0x3b5,0x3b5,0x3b5,0x3b5,0x3b5,0x3b5,0x3b5,0x3b5,0x3b5,0x3b5,0x3b5,0x3b5,
0x3b5,0x3b5,0x3b5,0x3b5,0x3b5,0x3b5,0x3b5,0x3b5,0x3b5,0x3b5,0x3b5,0x3b5,0x3b5,0x3b5,0x3b5,0x3b5,
0x3b5,0x3b5,0x3b5,0x3b5,0x3b5,0x3b5,0x3b5,0x3b5,0x3b5,0x3b5,0x3b5,0x3b5,0x3b5,0x3b5,0x3b5,0x3b5,
0x3b5,0x3b5,0x3b5,0x3b5,0x3b5,0x3b5,0x3b5,0x3b5,0x3b5,0x3b5,0x3b5,0x3b5,0x3b5,0x3b5,0x3b5,0x3b5,
0x3b5,0x3b5,0x3b5,0x3b5,0x3b5,0x3b5,0x3b5,0x3b5,0x3b5,0x3b5,0x3b5,0x3b5,0x3b5,0x3b5,0x3b5,0x3b5,
0x3b5,0x3b5,0x3b5,0x3b5,0x3b5,0x3b5,0x3b5,0x3b5,0x3b5,0x3b5,0x3b5,0x3b5,0x3b5,0x3b5,0x3b5,0x3b5,
0x3b5,0x3b5,0x3b5,0x3b5,0x3b5,0x3b5,0x3b5,0x3b5,0x3b5,0x3b5,0x3b5,0x3b5,0x3b5,0x3b5,0x3b5,0x3b5,
0x3b5,0x3b5,0x3b5,0x3b5,0x3b5,0x3b5,0x3b5,0x3b5,0x3b5,0x3b5,0x3b5,0x3b5,0x3b5,0x3b5,0x3b5,0x3b5,
0x3b5,0x3b5,0x3b5,0x3b5,0x3b5,0x3b5,0x3b5,0x3b5,0x3b5,0x3b5,0x3b5,0x3b5,0x3b5,0x3b5,0x3b5,0x3b5,
0x3b5,0x3b5,0x3b5,0x3b5,0x3b5,0x3b5,0x3b5,0x3b5,0x3b5,0x3b5,0x3b5,0x3b5,0x3b5,0x3b5,0x3b5,0x3b5,
0x3b5,0x3b5,0x3b5,0x3b5,0x3b5,0x3b5,0x3b5,0x3b5,0x3b5,0x3b5,0x3b5,0x3b5,0x3b5,0x3b5,0x3b5,0x3b5,
0x3b5,0x3b5,0x3b5,0x3b5,0x3b5,0x3b5,0x3b5,0x3b5,0x3b5,0x3b5,0x3b5,0x3b5,0x3b5,0x3b5,0x3b5,0x3b5,
0x3b5,0x3b5,0x3b5,0x3b5,0x3b5,0x3b5,0x3b5,0x3b5,0x3b5,0x3b5,0x3b5,0x3b5,0x3b5,0x3b5,0x3b5,0x3b5,
0x3b5,0x3b5,0x3b5,0x3b5,0x3b5,0x3b5,0x3b5,0x3b5,0x3b5,0x3b5,0x3b5,0x3b5,0x3b5,0x3b5,0x3b5,0x3b5,
0x3b5,0x3b5,0x3b5,0x3b5,0x3b5,0x3b5,0x3b5,0x3b5,0x3b5,0x3b5,0x3b5,0x3b5,0x3b5,0x3b5,0x3b5,0x3b5,
0x3b5,0x3b5,0x3b5,0x3b5,0x3b5,0x3b5,0x3b5,0x3b5,0x3b5,0x3b5,0x3b5,0x3b5,0x3b5,0x3b5,0x3b5,0x3b5,
0x3b5,0x3b5,0x3b5,0x3b5,0x3b5,0x3b5,0x3b5,0x3b5,0x3b5,0x3b5,0x3b5,0x3b5,0x3b5,0x3b5,0x3b5,0x3b5,
0x3b5,0x3b5,0x3b5,0x3b5,0x3b5,0x3b5,0x3b5,0x3b5,0x3b5,0x3b5,0x3b5,0x3b5,0x3b5,0x3b5,0x3b5,0x3b5,
0x3b5,0x3b5,0x3b5,0x3b5,0x3b5,0x3b5,0x3b5,0x3b5,0x3b5,0x3b5,0x3b5,0x3b5,0x3b5,0x3b5,0x3b5,0x3b5,
0x3b5,0x3b5,0x3b5,0x3b5,0x3b5,0x3b5,0x3b5,0x3b5,0x3b5,0x3b5,0x3b5,0x3b5,0x3b5,0x3b5,0x3b5,0x3b5,
0x3b5,0x3b5,0x3b5,0x3b5,0x3b5,0x3b5,0x3b5,0x3b5,0x3b5,0x3b5,0x3b5,0x3b5,0x3b5,0x3b5,0x3b5,0x3b5,
0x3b5,0x3b5,0x3b5,0x3b5,0x3b5,0x3b5,0x3b5,0x3b5,0x3b5,0x3b5,0x3b5,0x3b5,0x3b5,0x3b5,0x3b5,0x3b5,
0x3b5,0x3b5,0x3b5,0x3b5,0x3b5,0x3b5,0x3b5,0x3b5,0x3b5,0x3b5,0x3b5,0x3b5,0x3b5,0x3b5,0x3b5,0x3b5,
0x3b5,0x3b5,0x3b5,0x3b5,0x3b5,0x3b5,0x3b5,0x3b5,0x3b5,0x3b5,0x3b5,0x3b5,0x3b5,0x3b5,0x3b5,0x3b5,
0x3b5,0x3b5,0x3b5,0x3b5,0x3b5,0x3b5,0x3b5,0x3b5,0x3b5,0x3b5,0x3b5,0x3b5,0x3b5,0x3b5,0x3b5,0x3b5,
0x3b5,0x3b5,0x3b5,0x3b5,0x3b5,0x3b5,0x3b5,0x3b5,0x3b5,0x3b5,0x3b5,0x3b5,0x3b5,0x3b5,0x3b5,0x3b5,
0x3b5,0x3b5,0x3b5,0x3b5,0x3b5,0x3b5,0x3b5,0x3b5,0x3b5,0x3b5,0x3b5,0x3b5,0x3b5,0x3b5,0x3b5,0x3b5,
0x3b5,0x3b5,0x3b5,0x3b5,0x3b5,0x3b5,0x3b5,0x3b5,0x3b5,0x3b5,0x3b5,0x3b5,0x3b5,0x3b5,0x3b5,0x3b5,
0x3b5,0x3b5,0x3b5,0x3b5,0x3b5,0x3b5,0x3b5,0x3b5,0x3b5,0x3b5,0x3b5,0x3b5,0x3b5,0x3b5,0x3b5,0x3b5,
0x3b5,0x3b5,0x3b5,0x3b5,0x3b5,0x3b5,0x3b5,0x3b5,0x3b5,0x3b5,0x3b5,0x3b5,0x3b5,0x3b5,0x3b5,0x3b5,
0x3b5,0x3b5,0x3b5,0x3b5,0x3b5,0x3b5,0x3b5,0x3b5,0x3b5,0x3b5,0x3b5,0x3b5,0x3b5,0x3b5,0x3b5,0x3b5,
0x3b5,0x3b5,0x3b5,0x3b5,0x3b5,0x3b5,0x3b5,0x3b5,0x3b5,0x3b5,0x3b5,0x3b5,0x3b5,0x3b5,0x3b5,0x3b5,
0x3b5,0x3b5,0x3b5,0x3b5,0x3b5,0x3b5,0x3b5,0x3b5,0x3b5,0x3b5,0x3b5,0x3b5,0x3b5,0x3b5,0x3b5,0x3b5,
0x3b5,0x3b5,0x3b5,0x3b5,0x3b5,0x3b5,0x3b5,0x3b5,0x3b5,0x3b5,0x3b5,0x3b5,0x3b5,0x3b5,0x3b5,0x3b5,
0x3b5,0x3b5,0x3b5,0x3b5,0x86c,0x68a,0x5a3,0x3b5,0x3b5,0x3b5,0x3b5,0x3b5,0x3b5,0x3b5,0x3b5,0x3b5,
0x8ab,0x3b5,0x3b5,0x8b0,0x8b8,0x3b5,0x3b5,0x5d9,0x68a,0x681,0x3b5,0x3b5,0x8c0,0x3b5,0x3b5,0x3b5,
0x8c8,0x8cf,0x653,0x8d7,0x3b5,0x3b5,0x5af,0x8df,0x3b5,0x8e7,0x8ee,0x3b5,0x50f,0x8f3,0x3b5,0x528,
0x3b5,0x8fb,0x903,0x52a,0x3b5,0x907,0x529,0x90f,0x3b5,0x3b5,0x3b5,0x915,0x3b5,0x3b5,0x3b5,0x91c,
0x3b5,0x3b5,0x3b5,0x3b5,0x3b5,0x3b5,0x3b5,0x3b5,0x3b5,0x3b5,0x3b5,0x3b5,0x3b5,0x3b5,0x3b5,0x3b5,
0x3b5,0x3b5,0x3b5,0x3b5,0x3b5,0x3b5,0x3b5,0x3b5,0x3b5,0x3b5,0x3b5,0x3b5,0x3b5,0x3b5,0x3b5,0x3b5,
0x3b5,0x3b5,0x3b5,0x3b5,0x3b5,0x3b5,0x3b5,0x3b5,0x3b5,0x3b5,0x3b5,0x3b5,0x3b5,0x3b5,0x3b5,0x3b5,
0x3b5,0x3b5,0x3b5,0x3b5,0x3b5,0x3b5,0x3b5,0x3b5,0x3b5,0x3b5,0x3b5,0x3b5,0x3b5,0x3b5,0x3b5,0x3b5,
0x3b5,0x3b5,0x3b5,0x3b5,0x3b5,0x3b5,0x3b5,0x3b5,0x3b5,0x3b5,0x3b5,0x3b5,0x3b5,0x3b5,0x3b5,0x3b5,
0x3b5,0x3b5,0x3b5,0x3b5,0x3b5,0x3b5,0x3b5,0x3b5,0x3b5,0x3b5,0x3b5,0x3b5,0x3b5,0x3b5,0x3b5,0x3b5,
0x3b5,0x3b5,0x3b5,0x3b5,0x3b5,0x3b5,0x3b5,0x3b5,0x3b5,0x3b5,0x3b5,0x3b5,0x3b5,0x3b5,0x3b5,0x3b5,
0x3b5,0x3b5,0x3b5,0x3b5,0x3b5,0x3b5,0x3b5,0x3b5,0x3b5,0x3b5,0x3b5,0x3b5,0x3b5,0x3b5,0x3b5,0x3b5,
0x3b5,0x3b5,0x3b5,0x3b5,0x3b5,0x3b5,0x3b5,0x3b5,0x3b5,0x3b5,0x3b5,0x3b5,0x3b5,0x3b5,0x3b5,0x3b5,
0x3b5,0x3b5,0x3b5,0x3b5,0x3b5,0x3b5,0x3b5,0x3b5,0x3b5,0x3b5,0x3b5,0x3b5,0x3b5,0x3b5,0x3b5,0x3b5,
0x3b5,0x3b5,0x3b5,0x3b5,0x3b5,0x3b5,0x3b5,0x3b5,0x3b5,0x3b5,0x3b5,0x3b5,0x3b5,0x3b5,0x3b5,0x3b5,
0x3b5,0x3b5,0x3b5,0x3b5,0x3b5,0x3b5,0x3b5,0x3b5,0x3b5,0x3b5,0x3b5,0x3b5,0x3b5,0x3b5,0x3b5,0x3b5,
0x3b5,0x3b5,0x3b5,0x3b5,0x3b5,0x3b5,0x3b5,0x3b5,0x3b5,0x3b5,0x3b5,0x3b5,0x3b5,0x3b5,0x3b5,0x3b5,
0x3b5,0x3b5,0x3b5,0x3b5,0x3b5,0x3b5,0x3b5,0x3b5,0x3b5,0x3b5,0x3b5,0x3b5,0x3b5,0x3b5,0x3b5,0x3b5,
0x3b5,0x3b5,0x3b5,0x3b5,0x3b5,0x3b5,0x3b5,0x3b5,0x3b5,0x3b5,0x3b5,0x3b5,0x3b5,0x3b5,0x3b5,0x3b5,
0x3b5,0x3b5,0x3b5,0x3b5,0x3b5,0x3b5,0x3b5,0x3b5,0x3b5,0x3b5,0x3b5,0x3b5,0x3b5,0x3b5,0x3b5,0x3b5,
0x3b5,0x3b5,0x3b5,0x3b5,0x3b5,0x3b5,0x3b5,0x3b5,0x3b5,0x3b5,0x3b5,0x3b5,0x3b5,0x3b5,0x3b5,0x3b5,
0x3b5,0x3b5,0x3b5,0x3b5,0x3b5,0x3b5,0x3b5,0x3b5,0x3b5,0x3b5,0x3b5,0x3b5,0x3b5,0x3b5,0x3b5,0x3b5,
0x3b5,0x3b5,0x3b5,0x3b5,0x3b5,0x3b5,0x3b5,0x3b5,0x3b5,0x3b5,0x3b5,0x3b5,0x3b5,0x3b5,0x3b5,0x3b5,
0x3b5,0x3b5,0x3b5,0x3b5,0x3b5,0x3b5,0x3b5,0x3b5,0x3b5,0x3b5,0x3b5,0x3b5,0x3b5,0x3b5,0x3b5,0x3b5,
0x3b5,0x3b5,0x3b5,0x3b5,0x3b5,0x3b5,0x3b5,0x3b5,0x3b5,0x3b5,0x3b5,0x3b5,0x3b5,0x3b5,0x3b5,0x3b5,
0x3b5,0x3b5,0x3b5,0x3b5,0x3b5,0x3b5,0x3b5,0x3b5,0x3b5,0x3b5,0x3b5,0x3b5,0x3b5,0x3b5,0x3b5,0x3b5,
0x3b5,0x3b5,0x3b5,0x3b5,0x3b5,0x3b5,0x3b5,0x3b5,0x3b5,0x3b5,0x3b5,0x3b5,0x3b5,0x3b5,0x3b5,0x3b5,
0x3b5,0x3b5,0x3b5,0x3b5,0x3b5,0x3b5,0x3b5,0x3b5,0x3b5,0x3b5,0x3b5,0x3b5,0x3b5,0x3b5,0x3b5,0x3b5,
0x3b5,0x3b5,0x3b5,0x3b5,0x3b5,0x3b5,0x3b5,0x3b5,0x3b5,0x3b5,0x3b5,0x3b5,0x3b5,0x3b5,0x3b5,0x3b5,
0x3b5,0x3b5,0x3b5,0x3b5,0x3b5,0x3b5,0x3b5,0x3b5,0x3b5,0x3b5,0x3b5,0x3b5,0x3b5,0x3b5,0x3b5,0x3b5,
0x3b5,0x3b5,0x3b5,0x3b5,0x3b5,0x3b5,0x3b5,0x3b5,0x3b5,0x3b5,0x3b5,0x3b5,0x3b5,0x3b5,0x3b5,0x3b5,
0x3b5,0x3b5,0x3b5,0x3b5,0x3b5,0x3b5,0x3b5,0x3b5,0x3b5,0x3b5,0x3b5,0x3b5,0x3b5,0x3b5,0x3b5,0x3b5,
0x3b5,0x3b5,0x3b5,0x3b5,0x3b5,0x3b5,0x3b5,0x3b5,0x3b5,0x3b5,0x3b5,0x3b5,0x3b5,0x3b5,0x3b5,0x3b5,
0x3b5,0x3b5,0x3b5,0x3b5,0x3b5,0x3b5,0x3b5,0x3b5,0x3b5,0x3b5,0x3b5,0x3b5,0x3b5,0x3b5,0x3b5,0x3b5,
0x3b5,0x3b5,0x3b5,0x3b5,0x3b5,0x3b5,0x3b5,0x3b5,0x3b5,0x3b5,0x3b5,0x3b5,0x3b5,0x3b5,0x3b5,0x3b5,
0x3b5,0x3b5,0x3b5,0x3b5,0x3b5,0x3b5,0x3b5,0x3b5,0x3b5,0x3b5,0x3b5,0x3b5,0x3b5,0x3b5,0x3b5,0x3b5,
0x3b5,0x3b5,0x3b5,0x3b5,0x3b5,0x3b5,0x3b5,0x3b5,0x3b5,0x3b5,0x3b5,0x3b5,0x3b5,0x3b5,0x3b5,0x3b5,
0x3b5,0x3b5,0x3b5,0x3b5,0x3b5,0x3b5,0x3b5,0x3b5,0x3b5,0x3b5,0x3b5,0x3b5,0x3b5,0x3b5,0x3b5,0x3b5,
0x3b5,0x3b5,0x3b5,0x3b5,0x3b5,0x3b5,0x3b5,0x3b5,0x3b5,0x3b5,0x3b5,0x3b5,0x3b5,0x3b5,0x3b5,0x3b5,
0x3b5,0x3b5,0x3b5,0x3b5,0x3b5,0x3b5,0x3b5,0x3b5,0x3b5,0x3b5,0x3b5,0x3b5,0x3b5,0x3b5,0x3b5,0x3b5,
0x3b5,0x3b5,0x3b5,0x3b5,0x3b5,0x3b5,0x3b5,0x3b5,0x3b5,0x3b5,0x3b5,0x3b5,0x3b5,0x3b5,0x3b5,0x3b5,
0x3b5,0x3b5,0x3b5,0x3b5,0x3b5,0x3b5,0x3b5,0x3b5,0x3b5,0x3b5,0x3b5,0x3b5,0x3b5,0x3b5,0x3b5,0x86c,
0x68a,0x68a,0x68a,0x924,0x92c,0x934,0x93c,0x68a,0x3b5,0x3b5,0x3b5,0x3b5,0x3b5,0x3b5,0x3b5,0x3b5,
0x3b5,0x3b5,0x3b5,0x3b5,0x3b5,0x3b5,0x3b5,0x3b5,0x950,0x944,0x948,0x4b4,0x4b4,0x4b4,0x4b4,0x4b4,
0x4b4,0x4b4,0x4b4,0x4b4,0x4b4,0x4b4,0x4b4,0x4b4,0x4b4,0x958,0x960,0x4b4,0x4b4,0x4b4,0x965,0x969,
0x971,0x979,0x97d,0x985,0x4b4,0x4b4,0x4b4,0x989,0x991,0x3a5,0x999,0x9a1,0x3b5,0x3b5,0x3b5,0x9a9,
0x3b5,0x3b5,0x3b5,0x3b5,0x3b5,0x3b5,0x3b5,0x3b5,0x3b5,0x3b5,0x3b5,0x3b5,0x3b5,0x3b5,0x3b5,0x3b5,
0x3b5,0x3b5,0x3b5,0x3b5,0x3b5,0x3b5,0x3b5,0x3b5,0x3b5,0x3b5,0x3b5,0x3b5,0x3b5,0x3b5,0x3b5,0x3b5,
0xed4,0xed4,0xf14,0xf54,0xed4,0xed4,0xed4,0xed4,0xed4,0xed4,0xf8c,0xfcc,0x100c,0x101c,0x105c,0x1068,
0xed4,0xed4,0x10a8,0xed4,0xed4,0xed4,0x10e0,0x1120,0x1160,0x11a0,0x11d8,0x1218,0x1258,0x1290,0x12d0,0x1310,
0xa40,0xa80,0xac0,0xaff,0x1a0,0x1a0,0xb3f,0x1a0,0x1a0,0x1a0,0x1a0,0x1a0,0xb77,0xba0,0x1a0,0x1a0,
0x1a0,0x1a0,0x1a0,0x1a0,0x1a0,0x1a0,0x1a0,0xbe0,0x1a0,0xc06,0xc41,0xc81,0xcc1,0xd01,0xd41,0xd81,
0x1a0,0x1a0,0x1a0,0x1a0,0x1a0,0x1a0,0x1a0,0x1a0,0x1a0,0x1a0,0x1a0,0x1a0,0x1a0,0x1a0,0x1a0,0x1a0,
0x1a0,0x1a0,0x1a0,0x1a0,0x1a0,0x1a0,0x1a0,0x1a0,0x1a0,0x1a0,0x1a0,0x1a0,0x1a0,0x1a0,0x1a0,0xdc1,
0x1a0,0x1a0,0x1a0,0x1a0,0x1a0,0x1a0,0x1a0,0x1a0,0x1a0,0x1a0,0x1a0,0x1a0,0x1a0,0x1a0,0x1a0,0x1a0,
0x1a0,0x1a0,0x1a0,0x1a0,0x1a0,0x1a0,0x1a0,0x1a0,0x1a0,0x1a0,0x1a0,0x1a0,0x1a0,0x1a0,0x1a0,0xdc1,
0x1a0,0x1a0,0x1a0,0x1a0,0x1a0,0x1a0,0x1a0,0x1a0,0x1a0,0x1a0,0x1a0,0x1a0,0x1a0,0x1a0,0x1a0,0x1a0,
0x1a0,0x1a0,0x1a0,0x1a0,0x1a0,0x1a0,0x1a0,0x1a0,0x1a0,0x1a0,0x1a0,0x1a0,0x1a0,0x1a0,0x1a0,0xdc1,
0x1a0,0x1a0,0x1a0,0x1a0,0x1a0,0x1a0,0x1a0,0x1a0,0x1a0,0x1a0,0x1a0,0x1a0,0x1a0,0x1a0,0x1a0,0x1a0,
0x1a0,0x1a0,0x1a0,0x1a0,0x1a0,0x1a0,0x1a0,0x1a0,0x1a0,0x1a0,0x1a0,0x1a0,0x1a0,0x1a0,0x1a0,0xdc1,
0x1a0,0x1a0,0x1a0,0x1a0,0x1a0,0x1a0,0x1a0,0x1a0,0x1a0,0x1a0,0x1a0,0x1a0,0x1a0,0x1a0,0x1a0,0x1a0,
0x1a0,0x1a0,0x1a0,0x1a0,0x1a0,0x1a0,0x1a0,0x1a0,0x1a0,0x1a0,0x1a0,0x1a0,0x1a0,0x1a0,0x1a0,0xdc1,
0x1a0,0x1a0,0x1a0,0x1a0,0x1a0,0x1a0,0x1a0,0x1a0,0x1a0,0x1a0,0x1a0,0x1a0,0x1a0,0x1a0,0x1a0,0x1a0,
0x1a0,0x1a0,0x1a0,0x1a0,0x1a0,0x1a0,0x1a0,0x1a0,0x1a0,0x1a0,0x1a0,0x1a0,0x1a0,0x1a0,0x1a0,0xdc1,
0x1a0,0x1a0,0x1a0,0x1a0,0x1a0,0x1a0,0x1a0,0x1a0,0x1a0,0x1a0,0x1a0,0x1a0,0x1a0,0x1a0,0x1a0,0x1a0,
0x1a0,0x1a0,0x1a0,0x1a0,0x1a0,0x1a0,0x1a0,0x1a0,0x1a0,0x1a0,0x1a0,0x1a0,0x1a0,0x1a0,0x1a0,0xdc1,
0x1a0,0x1a0,0x1a0,0x1a0,0x1a0,0x1a0,0x1a0,0x1a0,0x1a0,0x1a0,0x1a0,0x1a0,0x1a0,0x1a0,0x1a0,0x1a0,
0x1a0,0x1a0,0x1a0,0x1a0,0x1a0,0x1a0,0x1a0,0x1a0,0x1a0,0x1a0,0x1a0,0x1a0,0x1a0,0x1a0,0x1a0,0xdc1,
0x1a0,0x1a0,0x1a0,0x1a0,0x1a0,0x1a0,0x1a0,0x1a0,0x1a0,0x1a0,0x1a0,0x1a0,0x1a0,0x1a0,0x1a0,0x1a0,
0x1a0,0x1a0,0x1a0,0x1a0,0x1a0,0x1a0,0x1a0,0x1a0,0x1a0,0x1a0,0x1a0,0x1a0,0x1a0,0x1a0,0x1a0,0xdc1,
0x1a0,0x1a0,0x1a0,0x1a0,0x1a0,0x1a0,0x1a0,0x1a0,0x1a0,0x1a0,0x1a0,0x1a0,0x1a0,0x1a0,0x1a0,0x1a0,
0x1a0,0x1a0,0x1a0,0x1a0,0x1a0,0x1a0,0x1a0,0x1a0,0x1a0,0x1a0,0x1a0,0x1a0,0x1a0,0x1a0,0x1a0,0xdc1,
0x1a0,0x1a0,0x1a0,0x1a0,0x1a0,0x1a0,0x1a0,0x1a0,0x1a0,0x1a0,0x1a0,0x1a0,0x1a0,0x1a0,0x1a0,0x1a0,
0x1a0,0x1a0,0x1a0,0x1a0,0x1a0,0x1a0,0x1a0,0x1a0,0x1a0,0x1a0,0x1a0,0x1a0,0x1a0,0x1a0,0x1a0,0xdc1,
0x1a0,0x1a0,0x1a0,0x1a0,0x1a0,0x1a0,0x1a0,0x1a0,0x1a0,0x1a0,0x1a0,0x1a0,0x1a0,0x1a0,0x1a0,0x1a0,
0x1a0,0x1a0,0x1a0,0x1a0,0x1a0,0x1a0,0x1a0,0x1a0,0x1a0,0x1a0,0x1a0,0x1a0,0x1a0,0x1a0,0x1a0,0xdc1,
0xe01,0xe11,0x1a0,0x1a0,0x1a0,0x1a0,0x1a0,0x1a0,0x1a0,0x1a0,0x1a0,0x1a0,0x1a0,0x1a0,0x1a0,0x1a0,
0x1a0,0x1a0,0x1a0,0x1a0,0x1a0,0x1a0,0x1a0,0x1a0,0x1a0,0x1a0,0x1a0,0x1a0,0x1a0,0x1a0,0x1a0,0xdc1,
0x1a0,0x1a0,0x1a0,0x1a0,0x1a0,0x1a0,0x1a0,0x1a0,0x1a0,0x1a0,0x1a0,0x1a0,0x1a0,0x1a0,0x1a0,0x1a0,
0x1a0,0x1a0,0x1a0,0x1a0,0x1a0,0x1a0,0x1a0,0x1a0,0x1a0,0x1a0,0x1a0,0x1a0,0x1a0,0x1a0,0x1a0,0xdc1,
0x1a0,0x1a0,0x1a0,0x1a0,0x1a0,0x1a0,0x1a0,0x1a0,0x1a0,0x1a0,0x1a0,0x1a0,0x1a0,0x1a0,0x1a0,0x1a0,
0x1a0,0x1a0,0x1a0,0x1a0,0x1a0,0x1a0,0x1a0,0x1a0,0x1a0,0x1a0,0x1a0,0x1a0,0x1a0,0x1a0,0x1a0,0xdc1,
0x3b5,0x3b5,0x3b5,0x3b5,0x3b5,0x3b5,0x3b5,0x3b5,0x9b1,0x3b5,0x68a,0x68a,0x9b9,0x62d,0x3b5,0x522,
0x3b5,0x3b5,0x3b5,0x3b5,0x3b5,0x3b5,0x3b5,0x9c1,0x3b5,0x3b5,0x3b5,0x9c8,0x3b5,0x3b5,0x3b5,0x3b5,
0x3b5,0x3b5,0x3b5,0x3b5,0x3b5,0x3b5,0x3b5,0x3b5,0x3b5,0x3b5,0x3b5,0x3b5,0x3b5,0x3b5,0x3b5,0x3b5,
0x3b5,0x3b5,0x3b5,0x3b5,0x3b5,0x3b5,0x3b5,0x3b5,0x3b5,0x3b5,0x3b5,0x3b5,0x3b5,0x3b5,0x3b5,0x3b5,
0x44a,0x44a,0x44a,0x44a,0x44a,0x44a,0x44a,0x44a,0x9d0,0x44a,0x44a,0x44a,0x44a,0x44a,0x44a,0x44a,
0x9d8,0x9dc,0x44a,0x44a,0x44a,0x44a,0x9ec,0x9e4,0x44a,0x9f4,0x44a,0x44a,0x9fc,0xa02,0x44a,0x44a,
0x44a,0x44a,0x44a,0x44a,0x44a,0x44a,0x44a,0x44a,0xa12,0xa0a,0xa22,0xa1a,0x44a,0x44a,0x44a,0x44a,
0x44a,0x44a,0x44a,0xa2a,0x44a,0xa32,0xa42,0xa3a,0x44a,0xa4a,0xa51,0xa57,0xa5f,0xa63,0xa6b,0x44a,
0x529,0xa73,0xa7a,0xa81,0x42c,0xa89,0x577,0x3b5,0x50f,0xa90,0x3b5,0xa96,0x42c,0xa9b,0xaa3,0x3b5,
0x3b5,0xaa8,0x529,0x3b5,0x3b5,0x3b5,0x844,0xab0,0x42c,0x5b1,0x58c,0xab7,0x3b5,0xabd,0xac5,0x542,
0x3b5,0xa73,0xacd,0x3b5,0x3b5,0xad5,0xadd,0x3b5,0x3b5,0x3b5,0x3b5,0x3b5,0x3b5,0xae1,0xae9,0x3b5,
0x3b5,0xaf1,0x58c,0xaf9,0x3b5,0xaff,0x3b5,0x3b5,0xb05,0xb0d,0x3b5,0x3b5,0x3b5,0x3b5,0x3b5,0x3b5,
0xb12,0x3b5,0x3b5,0x3b5,0x3b5,0x3b5,0x3b5,0x3b5,0xb19,0xb21,0x3b5,0x3b5,0x3b5,0xb24,0x58c,0xb2c,
0xb30,0xb38,0x3b5,0xb3f,0x3b5,0x3b5,0x3b5,0x3b5,0x3b5,0x3b5,0x3b5,0x3b5,0x3b5,0x3b5,0x3b5,0x3b5,
0xb46,0x3b5,0x3b5,0xb54,0xb4e,0x3b5,0x3b5,0x3b5,0xb5c,0xb03,0x3b5,0xb64,0x3b5,0x3b5,0x3b5,0x3b5,
0x3b5,0x3b5,0x3b5,0x3b5,0x3b5,0x3b5,0x5b3,0x42c,0x9c8,0xace,0x3b5,0x3b5,0x3b5,0xb71,0xb6c,0x3b5,
0x3b5,0x3b5,0x3b5,0x3b5,0x3b5,0x3b5,0x3b5,0x3b5,0x3b5,0x3b5,0x3b5,0x3b5,0x3b5,0x3b5,0x3b5,0x3b5,
0x3b5,0x3b5,0x3b5,0x3b5,0x3b5,0x3b5,0x3b5,0x3b5,0x3b5,0x3b5,0x3b5,0x3b5,0x3b5,0x3b5,0x3b5,0x3b5,
0xb79,0xb81,0x3b5,0x3b5,0x3b5,0x3b5,0x3b5,0x3b5,0x3b5,0x3b5,0x3b5,0x3b5,0x3b5,0x3b5,0x3b5,0x3b5,
0x3b5,0x3b5,0x3b5,0x3b5,0x3b5,0x3b5,0x3b5,0x3b5,0x3b5,0x3b5,0x3b5,0x3b5,0x3b5,0x3b5,0x3b5,0x8b8,
0xb89,0x3b5,0x3b5,0x3b5,0x3b5,0x3b5,0x3b5,0x3b5,0x3b5,0x3b5,0x3b5,0x3b5,0x3b5,0x3b5,0x3b5,0x3b5,
0x3b5,0x3b5,0x3b5,0x3b5,0x3b5,0x3b5,0x3b5,0x3b5,0x3b5,0x3b5,0x3b5,0x3b5,0x3b5,0x3b5,0x3b5,0x3b5,
0x3b5,0x3b5,0x3b5,0x3b5,0x3b5,0x3b5,0x3b5,0x3b5,0x3b5,0x3b5,0x3b5,0x3b5,0x3b5,0x3b5,0x3b5,0x3b5,
0x3b5,0x3b5,0x3b5,0x3b5,0x3b5,0x3b5,0x3b5,0xb8d,0x3b5,0xb93,0x3b5,0x3b5,0x3b5,0x3b5,0x3b5,0x3b5,
0x3b5,0x3b5,0x3b5,0x3b5,0x3b5,0x3b5,0x3b5,0x3b5,0x3b5,0x3b5,0x3b5,0x3b5,0x3b5,0x3b5,0x3b5,0x3b5,
0x3b5,0x3b5,0x3b5,0x3b5,0x3b5,0x3b5,0x3b5,0x3b5,0x3b5,0x3b5,0xa97,0x3b5,0xb99,0x3b5,0x3b5,0xba1,
0x3b5,0x3b5,0x3b5,0x3b5,0x3b5,0x3b5,0x3b5,0x3b5,0x3b5,0x3b5,0x3b5,0x3b5,0x3b5,0x3b5,0x3b5,0x3b5,
0x3b5,0x3b5,0x3b5,0x3b5,0x3b5,0x3b5,0x3b5,0x3b5,0x3b5,0x3b5,0x3b5,0x3b5,0x3b5,0x3b5,0x3b5,0x3b5,
0x3b5,0x3b5,0x3b5,0x3b5,0x543,0xba9,0x3b5,0x3b5,0x3b5,0x3b5,0x3b5,0x3b5,0x3b5,0x3b5,0x3b5,0x3b5,
0x3b5,0x3b5,0x3b5,0x3b5,0x3b5,0x3b5,0x3b5,0x3b5,0x3b5,0x3b5,0x3b5,0x3b5,0x3b5,0x3b5,0x3b5,0x3b5,
0x3b5,0x3b5,0x3b5,0x3b5,0x3b5,0x3b5,0x68a,0x68a,0x68a,0x68a,0x68a,0x68a,0x866,0xbad,0x68a,0x68a,
0x68a,0x68a,0x68a,0x68a,0x68a,0x68a,0x68a,0x68a,0x68a,0x68a,0x68a,0x68d,0x3b5,0x3b5,0x403,0xbb5,
0x50e,0x3b5,0x3b5,0x3b5,0x3b5,0x3b5,0x3b5,0x3b5,0x3b5,0x3b5,0x3b5,0x3b5,0xbbd,0xbc5,0xbcb,0x3b5,
0xbd1,0x68a,0x68a,0xbd9,0x3b5,0x3b5,0x3b5,0x3b5,0x3b5,0x68a,0x68a,0xbe1,0x3b5,0x3b5,0x3b5,0x3b5,
0x3b5,0x3b5,0x3b5,0x3b5,0x3b5,0x3b5,0x3b5,0x3b5,0x3b5,0x3b5,0x3b5,0x3b5,0x3b5,0x3b5,0x3b5,0x3b5,
0x3b5,0x3b5,0x3b5,0x3b5,0x3b5,0x3b5,0x3b5,0xbe9,0x3dc,0xbf0,0xbf6,0xbec,0x3d7,0xbf3,0xbe7,0xbfe,
0xc02,0x3b5,0x3b5,0x3b5,0x3b5,0x3b5,0x3b5,0x3b5,0x3b5,0x3b5,0x3b5,0x3b5,0x3b5,0x3b5,0x3b5,0x3b5,
0x3b5,0x403,0xc0a,0x403,0xc11,0xc18,0xc20,0x3b5,0x3b5,0x3b5,0x3b5,0x3b5,0x3b5,0x3b5,0x3b5,0x3b5,
0x3b5,0x3b5,0x3b5,0x3b5,0x3b5,0x3b5,0x3b5,0x3b5,0x3b5,0x3b5,0x3b5,0x3b5,0x3b5,0x3b5,0x3b5,0x3b5,
0x3b5,0x3b5,0x3b5,0x3b5,0x3b5,0x3b5,0x3b5,0x3b5,0x3b5,0x3b5,0x3b5,0x3b5,0x3b5,0x3b5,0x3b5,0x3b5,
0x3b5,0xc28,0xc30,0x3b5,0x3b5,0xa97,0x3b5,0x3b5,0x3b5,0x3b5,0xb93,0x3b5,0x3b5,0x3b5,0x3b5,0x3b5,
0x3b5,0x3b5,0x3b5,0x3b5,0x3b5,0x3b5,0xad1,0x3b5,0xc35,0x3b5,0x3b5,0x3b5,0x3b5,0x3b5,0x3b5,0x3b5,
0x3b5,0x3b5,0x3b5,0x3b5,0x3b5,0x3b5,0x3b5,0x3b5,0xc3d,0x3b5,0x3b5,0x3b5,0x3b5,0x3b5,0x3b5,0x3b5,
0xc42,0x3b5,0x3b5,0x3b5,0x3b5,0x3b5,0x3b5,0x3b5,0x3b5,0x3b5,0x3b5,0x3b5,0x3b5,0x3b5,0x3b5,0x3b5,
0x3b5,0x44a,0x44a,0x44a,0x44a,0x44a,0x44a,0xc4a,0x44a,0xc52,0xc52,0xc59,0x44a,0x44a,0x44a,0x44a,
0x44a,0x44a,0x44a,0x44a,0x44a,0x44a,0x44a,0x44a,0x44a,0x44a,0x44a,0x44a,0x44a,0x44a,0x44a,0x44a,
0x44a,0x44a,0x44a,0x44a,0x948,0x4b4,0x4b4,0x44a,0x44a,0x4b4,0x4b4,0xa46,0x44a,0x44a,0x44a,0x44a,
0x44a,0x4b4,0x4b4,0x4b4,0x4b4,0x4b4,0x4b4,0x4b4,0xc61,0x44a,0x44a,0x44a,0x44a,0x44a,0x44a,0x44a,
0x44a,0x68a,0xc69,0x68a,0x68a,0x68d,0xc6e,0xc72,0x866,0xc7a,0x3d7,0x3b5,0xc80,0x3b5,0xc85,0x3b5,
0x3b5,0x3b5,0x3b5,0x3b5,0x791,0x3b5,0x3b5,0x3b5,0x3b5,0x68a,0x68a,0x68a,0x68a,0x68a,0x68a,0x68a,
0x68a,0x68a,0x68a,0x68a,0x68a,0x68a,0x68a,0x68a,0x68a,0x68a,0x68a,0x68a,0x68a,0x68a,0x68a,0x68a,
0x68a,0x68a,0x68a,0x68a,0x68a,0x68a,0x68a,0xc8d,0x9b9,0x68a,0x68a,0x68a,0xc94,0x68a,0x68a,0xc9b,
0xca3,0xc69,0x68a,0xcab,0x68a,0xcb3,0xcb8,0x681,0x3b5,0x68a,0x68a,0x68a,0x68a,0x68a,0x68a,0x68a,
0x68a,0x68a,0x68a,0x68d,0xcc0,0xcc8,0x68a,0xccf,0xcd7,0x68a,0x68a,0x68a,0x68a,0xcdf,0x68a,0x68a,
0xce4,0x3b5,0x3b5,0x3b5,0x3b5,0x3b5,0x3b5,0x3b5,0x3b5,0x3b5,0x3b5,0x3b5,0x3b5,0x3b5,0x3b5,0x3b5,
0x3b5,0x3b5,0x3b5,0x3b5,0x3b5,0x3b5,0x3b5,0x3b5,0x3b5,0x3b5,0x3b5,0x3b5,0x3b5,0x3b5,0x3b5,0x3b5,
0xceb,0x3b5,0x3b5,0x3b5,0x3b5,0x3b5,0x3b5,0x3b5,0x3b5,0x3b5,0x3b5,0x3b5,0x3b5,0x3b5,0x3b5,0x3b5,
0x3b5,0x3b5,0x3b5,0x3b5,0x3b5,0x3b5,0x3b5,0x3b5,0x3b5,0x3b5,0x3b5,0x3b5,0x3b5,0x3b5,0x3b5,0x3b5,
0x3b5,0x3b5,0x3b5,0x3b5,0x3b5,0x3b5,0x3b5,0x3b5,0x3b5,0x3b5,0x3b5,0x3b5,0x3b5,0x3b5,0x3b5,0x3b5,
0x3b5,0x3b5,0x3b5,0x3b5,0x3b5,0x3b5,0x3b5,0x3b5,0x3b5,0x3b5,0x3b5,0x3b5,0x3b5,0x3b5,0x3b5,0x3b5,
0xceb,0xcfb,0xcf3,0xcf3,0xcf3,0xcfc,0xcfc,0xcfc,0xcfc,0x403,0x403,0x403,0x403,0x403,0x403,0x403,
0xd04,0xcfc,0xcfc,0xcfc,0xcfc,0xcfc,0xcfc,0xcfc,0xcfc,0xcfc,0xcfc,0xcfc,0xcfc,0xcfc,0xcfc,0xcfc,
0xcfc,0xcfc,0xcfc,0xcfc,0xcfc,0xcfc,0xcfc,0xcfc,0xcfc,0xcfc,0xcfc,0xcfc,0xcfc,0xcfc,0xcfc,0xcfc,
0xcfc,0xcfc,0xcfc,0xcfc,0xcfc,0xcfc,0xcfc,0xcfc,0xcfc,0xcfc,0xcfc,0xcfc,0xcfc,0xcfc,0xcfc,0xcfc,
0xcfc,0xcfc,0xcfc,0xcfc,0xcfc,0xcfc,0xcfc,0xcfc,0xcfc,0xcfc,0xcfc,0xcfc,0xcfc,0xcfc,0xcfc,0xcfc,
0xcfc,0x394,0x394,0x394,0x12,0x12,0x12,0x12,0x12,0x12,0x12,0x12,0x12,8,7,8,
9,7,0x12,0x12,0x12,0x12,0x12,0x12,0x12,0x12,0x12,0x12,0x12,0x12,0x12,0x12,
7,7,7,8,9,0xa,0xa,4,4,4,0xa,0xa,0x310a,0xf20a,0xa,3,
6,3,6,6,2,2,2,2,2,2,2,2,2,2,6,0xa,
0x500a,0xa,0xd00a,0xa,0xa,0,0,0,0,0,0,0,0,0,0,0,
0,0,0,0,0,0,0,0,0,0,0,0,0,0,0,0x510a,
0xa,0xd20a,0xa,0xa,0xa,0,0,0,0,0,0,0,0,0,0,0,
0,0,0,0,0,0,0,0,0,0,0,0,0,0,0,0x510a,
0xa,0xd20a,0xa,0x12,0,0,0,0,0,0,0,0,0,0,0,0,
0,0,0,0,0,0,0,0,0,0,0,0,0,0,0,0,
0,0,0,0,0,0,0,0,0,0,0,0,0,0,0,0,
0,0,0,0,0,0,0,0,0,0,0,0,0,0,0,0,
0,0,0,0,0x12,0x12,0x12,0x12,0x12,7,0x12,0x12,0x12,0x12,0x12,0x12,
0x12,0x12,0x12,0x12,0x12,0x12,0x12,0x12,0x12,0x12,0x12,0x12,0x12,0x12,0x12,0x12,
0x12,0x12,0x12,0x12,6,0xa,4,4,4,4,0xa,0xa,0xa,0xa,0,0x900a,
0xa,0xb2,0xa,0xa,4,4,2,2,0xa,0,0xa,0xa,0xa,2,0,0x900a,
0xa,0xa,0xa,0xa,0,0,0,0,0,0,0,0,0,0,0,0,
0,0,0,0,0,0,0,0,0,0,0,0xa,0,0,0,0,
0,0,0,0,0,0,0,0,0,0,0,0,0,0,0,0,
0,0,0,0,0,0,0,0,0,0,0,0xa,0,0,0,0,
0,0,0,0,0,0,0,0,0,0,0,0,0,0,0,0,
0,0,0,0,0,0,0,0,0,0,0,0,0,0,0,0,
0,0,0,0,0,0,0,0,0,0,0,0,0,0,0,0,
0,0,0,0,0,0xa,0xa,0,0,0,0,0,0,0,0xa,0xa,
0xa,0xa,0xa,0xa,0xa,0xa,0xa,0xa,0xa,0xa,0xa,0xa,0,0,0xa,0xa,
0xa,0xa,0xa,0xa,0xa,0xa,0xa,0xa,0xa,0xa,0xa,0xa,0,0,0,0,
0,0xa,0xa,0xa,0xa,0xa,0xa,0xa,0xa,0xa,0,0xa,0xa,0xa,0xa,0xa,
0xa,0xa,0xa,0xa,0xa,0xa,0xa,0xa,0xa,0xa,0xa,0xa,0xb1,0xb1,0xb1,0xb1,
0xb1,0xb1,0xb1,0xb1,0xb1,0xb1,0xb1,0xb1,0xb1,0xb1,0xb1,0xb1,0xb1,0xb1,0xb1,0xb1,
0xb1,0xb1,0xb1,0xb1,0xb1,0xb1,0xb1,0xb1,0xb1,0xb1,0xb1,0xb1,0xb1,0xb1,0xb1,0xb1,
0xb1,0xb1,0xb1,0xb1,0xb1,0xb1,0xb1,0xb1,0xb1,0xb1,0xb1,0xb1,0xb1,0xb1,0xb1,0xb1,
0xb1,0xb1,0xb1,0xb1,0xb1,0xb1,0xb1,0xb1,0xb1,0xb1,0xb1,0xb1,0,0,0,0,
0xa,0xa,0,0,0,0,0,0,0,0,0xa,0,0,0,0,0,
0xa,0xa,0,0xa,0,0,0,0,0,0,0,0,0,0,0,0,
0,0,0,0,0,0,0,0,0,0,0,0,0,0,0,0,
0,0,0,0,0,0,0,0,0,0,0,0,0,0,0,0,
0,0,0,0,0,0,0,0,0,0,0,0,0,0,0xa,0,
0,0,0,0,0,0,0,0,0,0,0,0xb1,0xb1,0xb1,0xb1,0xb1,
0xb1,0xb1,0,0,0,0,0,0,0,0,0,0,0,0,0,0,
0,0,0,0,0,0,0,0,0,0,0,0,0,0,0,0,
0,0,0,0,0,0,0,0,0,0,0,0,0,0,0,0,
0,0,0,0,0,0,0,0,0,0,0xa,0,0,0xa,0xa,4,
1,0xb1,0xb1,0xb1,0xb1,0xb1,0xb1,0xb1,0xb1,0xb1,0xb1,0xb1,0xb1,0xb1,0xb1,0xb1,
0xb1,0xb1,0xb1,0xb1,0xb1,0xb1,0xb1,0xb1,0xb1,0xb1,0xb1,0xb1,0xb1,0xb1,0xb1,0xb1,
0xb1,0xb1,0xb1,0xb1,0xb1,0xb1,0xb1,0xb1,0xb1,0xb1,0xb1,0xb1,0xb1,0xb1,1,0xb1,
1,0xb1,0xb1,1,0xb1,0xb1,1,0xb1,1,1,1,1,1,1,1,1,
1,1,1,1,1,1,1,1,1,1,1,1,1,1,1,1,
1,1,1,1,1,1,1,1,1,1,1,1,1,1,1,1,
1,1,1,1,1,1,1,1,1,1,1,1,1,1,1,1,
5,5,5,5,5,5,0xa,0xa,0xd,4,4,0xd,6,0xd,0xa,0xa,
0xb1,0xb1,0xb1,0xb1,0xb1,0xb1,0xb1,0xb1,0xb1,0xb1,0xb1,0xd,0x8ad,0xd,0xd,0xd,
0x4d,0xd,0x8d,0x8d,0x8d,0x8d,0x4d,0x8d,0x4d,0x8d,0x4d,0x4d,0x4d,0x4d,0x4d,0x8d,
0x8d,0x8d,0x8d,0x4d,0x4d,0x4d,0x4d,0x4d,0x4d,0x4d,0x4d,0x4d,0x4d,0x4d,0x4d,0x4d,
0x2d,0x4d,0x4d,0x4d,0x4d,0x4d,0x4d,0x4d,0x8d,0x4d,0x4d,0xb1,0xb1,0xb1,0xb1,0xb1,
0xb1,0xb1,0xb1,0xb1,0xb1,0xb1,0xb1,0xb1,0xb1,0xb1,0xb1,0xb1,0xb1,0xb1,0xb1,0xb1,
5,5,5,5,5,5,5,5,5,5,4,5,5,0xd,0x4d,0x4d,
0xb1,0x8d,0x8d,0x8d,0xd,0x8d,0x8d,0x8d,0x4d,0x4d,0x4d,0x4d,0x4d,0x4d,0x4d,0x4d,
0x8d,0x8d,0x8d,0x8d,0x8d,0x8d,0x8d,0x8d,0x8d,0x8d,0x8d,0x8d,0x8d,0x8d,0x8d,0x8d,
0x8d,0x8d,0x4d,0x4d,0x4d,0x4d,0x4d,0x4d,0x4d,0x4d,0x4d,0x4d,0x4d,0x4d,0x4d,0x4d,
0x4d,0x4d,0x4d,0x4d,0x4d,0x4d,0x4d,0x4d,0x4d,0x4d,0x4d,0x4d,0x4d,0x4d,0x4d,0x4d,
0x4d,0x4d,0x4d,0x4d,0x4d,0x4d,0x4d,0x4d,0x8d,0x4d,0x4d,0x8d,0x8d,0x8d,0x8d,0x8d,
0x8d,0x8d,0x8d,0x8d,0x4d,0x8d,0x4d,0x8d,0x4d,0x4d,0x8d,0x8d,0xd,0x8d,0xb1,0xb1,
0xb1,0xb1,0xb1,0xb1,0xb1,5,0xa,0xb1,0xb1,0xb1,0xb1,0xb1,0xb1,0xd,0xd,0xb1,
0xb1,0xa,0xb1,0xb1,0xb1,0xb1,0x8d,0x8d,2,2,2,2,2,2,2,2,
2,2,0x4d,0x4d,0x4d,0xd,0xd,0x4d,0xd,0xd,0xd,0xd,0xd,0xd,0xd,0xd,
0xd,0xd,0xd,0xd,0xd,0xd,0xd,0xad,0x8d,0xb1,0x4d,0x4d,0x4d,0x8d,0x8d,0x8d,
0x8d,0x8d,0x4d,0x4d,0x4d,0x4d,0x8d,0x4d,0x4d,0x4d,0x4d,0x4d,0x4d,0x4d,0x4d,0x4d,
0x8d,0x4d,0x8d,0x4d,0x8d,0x4d,0x4d,0x8d,0xb1,0xb1,0xb1,0xb1,0xb1,0xb1,0xb1,0xb1,
0xb1,0xb1,0xb1,0xb1,0xb1,0xb1,0xb1,0xb1,0xb1,0xb1,0xb1,0xd,0xd,0x8d,0x4d,0x4d,
0x4d,0x4d,0x4d,0x4d,0x4d,0x4d,0x4d,0x4d,0x4d,0x8d,0x8d,0x8d,0x4d,0x4d,0x4d,0x4d,
0x4d,0x4d,0x4d,0x4d,0x4d,0x4d,0x4d,0x4d,0x4d,0x4d,0x4d,0x8d,0x8d,0x4d,0x4d,0x4d,
0x4d,0x8d,0x4d,0x8d,0x8d,0x4d,0x4d,0x4d,0x8d,0x8d,0x4d,0x4d,0x4d,0x4d,0x4d,0x4d,
0xd,0xd,0xd,0xd,0xd,0xd,0xd,0xd,0xd,0xd,0xd,0xd,0xd,0xd,0xd,0xd,
0xd,0xd,0xd,0xd,0xd,0xd,0xd,0xd,0xd,0xd,0xd,0xd,0xd,0xd,0xd,0xd,
0xd,0xd,0xd,0xd,0xd,0xd,0xb1,0xb1,0xb1,0xb1,0xb1,0xb1,0xb1,0xb1,0xb1,0xb1,
0xb1,0xd,0xd,0xd,0xd,0xd,0xd,0xd,0xd,0xd,0xd,0xd,0xd,0xd,0xd,0xd,
1,1,1,1,1,1,1,1,1,1,0x41,0x41,0x41,0x41,0x41,0x41,
0x41,0x41,0x41,0x41,0x41,0x41,0x41,0x41,0x41,0x41,0x41,0x41,0x41,0x41,0x41,0x41,
0x41,0x41,0x41,0x41,0x41,0x41,0x41,0x41,0x41,0x41,0x41,0xb1,0xb1,0xb1,0xb1,0xb1,
0xb1,0xb1,0xb1,0xb1,1,1,0xa,0xa,0xa,0xa,0x21,1,1,0xb1,1,1,
0xb1,0xb1,0xb1,0xb1,1,0xb1,0xb1,0xb1,1,0xb1,0xb1,0xb1,0xb1,0xb1,1,1,
1,1,1,1,1,1,1,1,1,1,1,1,1,1,1,1,
1,1,1,1,1,1,0xb1,0xb1,0xb1,0xb1,1,0xb1,0xb1,0xb1,0xb1,0xb1,
0x81,0x41,0x41,0x41,0x41,0x41,0x81,0x81,0x41,0x81,0x41,0x41,0x41,0x41,0x41,0x41,
0x41,0x41,0x41,0x41,0x81,0x41,0x81,0x81,0x81,0xb1,0xb1,0xb1,1,1,1,1,
0x4d,0xd,0x4d,0x4d,0x4d,0x4d,0xd,0x8d,0x4d,0x8d,0x8d,0xd,0xd,0xd,0xd,0xd,
0x8d,0x8d,0x8d,0x8d,0x8d,0x8d,0x8d,0x8d,0x8d,0x8d,0x8d,0x8d,0x8d,0x8d,0x8d,0x8d,
0x8d,0x8d,0x8d,0x2d,0x2d,0x2d,0x4d,0xd,0xd,0x4d,0x4d,0x4d,0x4d,0x4d,0x8d,0xd,
5,5,0xd,0xd,0xd,0xd,0xd,0xb1,0xb1,0xb1,0xb1,0xb1,0xb1,0xb1,0xb1,0xb1,
0xb1,0xb1,5,0xb1,0xb1,0xb1,0xb1,0xb1,0xb1,0xb1,0xb1,0xb1,0xb1,0xb1,0xb1,0xb1,
0xb1,0xb1,0xb1,0xb1,0xb1,0xb1,0xb1,0xb1,0xb1,0xb1,0xb1,0xb1,0xb1,0xb1,0xb1,0xb1,
0x4d,0x4d,0x4d,0x4d,0x4d,0x4d,0x4d,0x4d,0x4d,0x4d,0x8d,0x8d,0x8d,0xd,0x8d,0x4d,
0x4d,0x8d,0x8d,0x4d,0x4d,0x4d,0x4d,0x4d,0x4d,0x8d,0x4d,0x4d,0x4d,0x4d,0x4d,0x4d,
0x4d,0x4d,0x4d,0x4d,0x4d,0xd,0xb1,0xb1,0xb1,0xb1,0xb1,0xb1,0xb1,0xb1,0xb1,0xb1,
0xb1,0xb1,0xb1,0xb1,0xb1,0xb1,0xb1,0xb1,0xb1,0xb1,0xb1,0xb1,0xb1,0xb1,0xb1,0,
0,0,0,0,0,0,0,0,0,0,0,0,0,0,0,0,
0,0,0,0,0,0,0,0,0,0,0,0,0,0,0xb1,0,
0xb1,0,0,0,0,0xb1,0xb1,0xb1,0xb1,0xb1,0xb1,0xb1,0xb1,0,0,0,
0,0xb1,0,0,0,0xb1,0xb1,0xb1,0xb1,0xb1,0xb1,0xb1,0,0,0,0,
0,0,0,0,0,0,0xb1,0xb1,0,0,0,0,0,0,0,0,
0,0,0,0,0,0,0,0,0,0,0,0,0,0,0,0,
0,0,0,0,0,0xb1,0,0,0,0,0,0,0,0,0,0,
0,0,0,0,0,0,0,0,0,0,0,0,0,0,0,0,
0,0,0,0,0xb1,0,0,0,0,0xb1,0xb1,0xb1,0xb1,0,0,0,
0,0,0,0,0,0xb1,0,0,0,0,0,0,0,0,0,0,
0,0,0,0,0,0,0,0,0,0,0xb1,0xb1,0,0,0,0,
0,0,0,0,0,0,0,0,0,0,4,4,0,0,0,0,
0,0,0,4,0,0,0xb1,0,0,0xb1,0xb1,0,0,0,0,0,
0,0,0,0,0,0,0,0,0,0,0,0,0,0,0,0,
0,0,0,0,0,0,0,0,0,0xb1,0xb1,0,0,0,0,0xb1,
0xb1,0,0,0xb1,0xb1,0xb1,0,0,0,0xb1,0,0,0,0,0,0,
0,0,0,0,0,0,0,0,0,0,0,0,0xb1,0xb1,0,0,
0,0xb1,0,0,0,0,0,0,0,0,0,0,0,0xb1,0xb1,0xb1,
0xb1,0xb1,0,0xb1,0xb1,0,0,0,0,0xb1,0,0,0,0,0,0,
0,0,0,0,0,0,0,0,0,0,0,0,0,0,0xb1,0xb1,
0,0,0,0,0,0,0,0,0,0,0,0,0,4,0,0,
0,0,0,0,0,0,0xb1,0xb1,0xb1,0xb1,0xb1,0xb1,0,0,0,0,
0,0,0,0,0,0,0,0,0,0,0,0,0,0,0,0,
0,0,0,0,0,0,0,0,0xb1,0,0,0xb1,0,0xb1,0xb1,0xb1,
0xb1,0,0,0,0,0,0,0,0,0xb1,0,0,0,0,0,0,
0,0xb1,0xb1,0,0,0,0,0,0,0,0,0,0,0,0xb1,0,
0,0,0,0,0,0,0,0,0,0,0,0,0,0,0,0,
0,0,0,0,0,0,0,0,0,0,0,0,0xb1,0,0,0,
0,0,0,0,0,0,0,0,0,0xb1,0,0,0,0,0,0,
0,0,0,0,0,0,0,0,0,0,0,0,0,0,0,0xa,
0xa,0xa,0xa,0xa,0xa,4,0xa,0,0,0,0,0,0xb1,0,0,0,
0xb1,0,0,0,0,0,0,0,0,0,0,0,0,0,0,0,
0,0,0,0,0,0,0,0,0,0,0,0,0,0,0,0,
0xb1,0,0xb1,0xb1,0xb1,0,0,0,0,0,0xb1,0xb1,0xb1,0,0xb1,0xb1,
0xb1,0xb1,0,0,0,0,0,0,0,0xb1,0xb1,0,0,0,0,0,
0,0,0,0,0,0,0xb1,0xb1,0,0,0,0,0,0,0,0,
0,0,0,0,0,0,0,0,0,0,0,0,0xa,0xa,0xa,0xa,
0xa,0xa,0xa,0,0,0,0,0,0,0,0,0,0,0,0,0,
0,0,0,0,0,0,0,0,0,0,0,0,0,0,0,0,
0xb1,0,0,0xa0,0,0,0,0,0,0,0xa0,0,0,0,0,0,
0xb1,0xb1,0,0,0,0,0,0,0,0,0,0,0,0,0,0,
0,0,0,0,0,0,0,0,0,0,0,0,0,0,0,0xb1,
0xb1,0,0,0,0,0,0,0,0,0,0,0,0,0,0xb1,0,
0,0,0,0,0,0,0xb1,0xb1,0xb1,0,0xb1,0,0,0,0,0,
0,0,0,0,0,0,0,0,0,0,0,0,0,0xb1,0,0,
0xb1,0xb1,0xb1,0xb1,0xb1,0xb1,0xb1,0,0,0,0,4,0,0,0,0,
0,0,0,0xb1,0xb1,0xb1,0xb1,0xb1,0xb1,0xb1,0xb1,0,0,0,0,0,
0,0,0,0,0,0,0,0,0,0,0,0,0,0xb1,0,0,
0xb1,0xb1,0xb1,0xb1,0xb1,0xb1,0xb1,0xb1,0xb1,0,0,0,0,0,0,0,
0,0,0,0,0xb1,0xb1,0xb1,0xb1,0xb1,0xb1,0xb1,0,0,0,0,0,
0,0,0,0,0,0,0,0,0,0,0,0,0,0,0,0,
0,0,0,0,0xb1,0xb1,0,0,0,0,0,0,0,0,0,0,
0,0,0,0,0,0,0,0,0,0,0,0,0,0xb1,0,0xb1,
0,0xb1,0x310a,0xf20a,0x310a,0xf20a,0,0,0,0,0,0,0,0,0,0,
0,0,0,0,0,0,0,0,0,0xb1,0xb1,0xb1,0xb1,0xb1,0xb1,0xb1,
0xb1,0xb1,0xb1,0xb1,0xb1,0xb1,0xb1,0,0xb1,0xb1,0xb1,0xb1,0xb1,0,0xb1,0xb1,
0,0,0,0,0,0xb1,0xb1,0xb1,0xb1,0xb1,0xb1,0xb1,0xb1,0xb1,0xb1,0xb1,
0,0xb1,0xb1,0xb1,0xb1,0xb1,0xb1,0xb1,0xb1,0xb1,0xb1,0xb1,0xb1,0xb1,0xb1,0xb1,
0xb1,0xb1,0xb1,0xb1,0xb1,0xb1,0xb1,0xb1,0xb1,0xb1,0xb1,0xb1,0xb1,0xb1,0xb1,0xb1,
0xb1,0,0,0,0,0,0,0,0,0,0,0,0,0,0,0,
0,0xb1,0xb1,0xb1,0xb1,0,0xb1,0xb1,0xb1,0xb1,0xb1,0xb1,0,0xb1,0xb1,0,
0,0xb1,0xb1,0,0,0,0,0,0,0,0,0,0,0,0,0,
0,0,0,0,0,0,0,0,0,0,0,0,0xb1,0xb1,0,0,
0,0,0xb1,0xb1,0xb1,0,0,0,0,0,0,0,0,0,0,0,
0,0,0,0,0,0xb1,0xb1,0xb1,0xb1,0,0,0,0,0,0,0,
0,0,0,0,0,0,0xb1,0,0,0xb1,0xb1,0,0,0,0,0,
0,0xb1,0,0,0,0,0,0,0,0,0,0,0,0,0,0,
0,0xb1,0,0,0,0,0,0,0,0,0,0,0,0,0,0,
0,0,0,0,0,0,0,0,0,0,0,0,0,0,0,0,
0,0xb1,0xb1,0xb1,0,0,0,0,0,0,0,0,0,0,0,0,
0,0,0,0,0xa,0xa,0xa,0xa,0xa,0xa,0xa,0xa,0xa,0xa,0,0,
0,0,0,0,0xa,0,0,0,0,0,0,0,0,0,0,0,
0,0,0,0,0,0,0,0,0,0,0,0,0,0,0,0,
0,0,0,0,9,0,0,0,0,0,0,0,0,0,0,0,
0,0,0,0,0,0,0,0,0,0,0,0,0,0,0,0x310a,
0xf20a,0,0,0,0,0,0,0,0,0,0,0,0,0,0,0,
0,0,0,0,0,0,0xb1,0xb1,0xb1,0,0,0,0,0,0,0,
0,0,0,0,0,0,0,0,0,0,0,0,0,0,0,0,
0xb1,0xb1,0,0xb1,0xb1,0xb1,0xb1,0xb1,0xb1,0xb1,0,0,0,0,0,0,
0,0,0xb1,0,0,0xb1,0xb1,0xb1,0xb1,0xb1,0xb1,0xb1,0xb1,0xb1,0xb1,0xb1,
0,0,0,0,0,0,0,4,0,0xb1,0,0,0x40,0x40,0x40,0x40,
0x40,0x40,0x40,0x40,0x40,0x40,0x40,0x40,0x40,0x40,0x40,0x40,0x40,0x40,0x40,0x40,
0x40,0x40,0x40,0x40,0x40,0x40,0x40,0x40,0x40,0x40,0x40,0x40,0x40,0xb1,0x40,0,
0,0,0,0,0,0,0,0,0,0,0,0,0,0,0,0,
0,0,0,0,0xa,0xa,0xa,0xa,0xa,0xa,0xa,0x4a,0xa,0xa,0x2a,0xb1,
0xb1,0xb1,0x12,0xb1,0,0,0,0,0,0,0,0,0,0,0,0,
0,0,0,0,0x40,0x40,0x40,0x40,0x40,0x40,0x40,0x40,0x40,0x40,0x40,0x40,
0x40,0x40,0x40,0x40,0x40,0x40,0x40,0x40,0x40,0x40,0x40,0x40,0x40,0,0,0,
0,0,0,0,0,0xb1,0xb1,0x40,0x40,0x40,0x40,0x40,0x40,0x40,0x40,0x40,
0x40,0x40,0x40,0x40,0x40,0x40,0x40,0x40,0x40,0x40,0x40,0x40,0x40,0x40,0x40,0x40,
0xb1,0xb1,0xb1,0,0,0,0,0xb1,0xb1,0,0,0,0,0,0,0,
0,0,0xb1,0,0,0,0,0,0,0xb1,0xb1,0xb1,0,0,0,0,
0xa,0,0,0,0xa,0xa,0,0,0,0,0,0,0,0,0,0,
0,0,0,0,0,0,0,0,0,0,0,0,0,0,0,0,
0,0,0,0,0,0,0xa,0xa,0xa,0xa,0xa,0xa,0xa,0xa,0xa,0xa,
0xa,0xa,0xa,0xa,0xa,0xa,0xa,0xa,0xa,0xa,0xa,0xa,0xa,0xa,0xa,0xa,
0xa,0xa,0xa,0xa,0xa,0xa,0xa,0xa,0,0,0,0,0,0,0,0,
0,0,0,0,0,0,0,0,0,0,0,0,0,0,0,0xb1,
0xb1,0,0,0xb1,0,0,0,0,0,0,0,0,0,0,0,0,
0,0,0,0,0,0,0,0,0,0,0xb1,0,0xb1,0xb1,0xb1,0xb1,
0xb1,0xb1,0xb1,0,0xb1,0,0xb1,0,0,0xb1,0xb1,0xb1,0xb1,0xb1,0xb1,0xb1,
0xb1,0,0,0,0,0,0,0xb1,0xb1,0xb1,0xb1,0xb1,0xb1,0xb1,0xb1,0xb1,
0xb1,0,0,0xb1,0,0,0,0,0,0,0,0,0,0,0,0,
0,0,0,0,0xb1,0xb1,0xb1,0xb1,0xb1,0xb1,0xb1,0xb1,0xb1,0xb1,0xb1,0xb1,
0xb1,0xb1,0xb1,0xb1,0,0,0,0,0,0,0,0,0,0,0,0,
0,0,0,0,0,0,0,0,0xb1,0,0xb1,0xb1,0xb1,0xb1,0xb1,0,
0xb1,0,0,0,0,0,0,0,0,0,0,0,0,0,0,0xb1,
0xb1,0xb1,0xb1,0xb1,0xb1,0xb1,0xb1,0xb1,0,0,0,0,0,0,0,0,
0,0,0,0,0,0,0xb1,0xb1,0xb1,0xb1,0,0,0xb1,0xb1,0,0xb1,
0xb1,0xb1,0,0,0,0,0,0,0,0,0,0,0,0,0,0,
0,0,0,0,0,0,0xb1,0,0xb1,0xb1,0,0,0,0xb1,0,0xb1,
0xb1,0xb1,0,0,0,0,0,0,0,0,0,0,0,0,0,0,
0xb1,0xb1,0xb1,0xb1,0xb1,0xb1,0xb1,0xb1,0,0,0xb1,0xb1,0,0,0,0,
0,0,0,0,0,0,0,0,0,0,0,0,0xb1,0xb1,0xb1,0,
0xb1,0xb1,0xb1,0xb1,0xb1,0xb1,0xb1,0xb1,0xb1,0xb1,0xb1,0xb1,0xb1,0,0xb1,0xb1,
0xb1,0xb1,0xb1,0xb1,0xb1,0,0,0,0,0xb1,0,0,0,0,0,0,
0xb1,0,0,0,0xb1,0xb1,0,0,0,0,0,0,0,0,0,0,
0,0,0,0,0,0,0,0,0,0,0,0,0,0,0,0,
0,0,0,0,0,0xa,0,0xa,0xa,0xa,0,0,0,0,0,0,
0,0,0,0,0,0xa,0xa,0xa,0,0,0,0,0,0,0,0,
0,0,0,0,0,0xa,0xa,0xa,0,0,0,0,0,0,0,0,
0,0,0,0,0,0xa,0xa,0,0xa,0xa,0xa,0xa,6,0x310a,0xf20a,0xa,
0xa,0xa,0xa,0xa,0xa,0xa,0xa,0xa,0xa,0xa,0xa,0xa,0xa,0xa,0xa,0xa,
0xa,0xa,0xa,0xa,0xa,0xa,0xa,9,0xb2,0xb2,0xb2,0xb2,0xb2,0x12,0x814,0x815,
0x813,0x816,0xb2,0xb2,0xb2,0xb2,0xb2,0xb2,2,0,0,0,2,2,2,2,
2,2,3,3,0xa,0x310a,0xf20a,0,9,9,9,9,9,9,9,9,
9,9,9,0xb2,0x412,0x432,0x8a0,0x8a1,0xa,0xa,0xa,0xa,0xa,0xa,0xa,0xa,
0xa,0xa,0xa,0xa,0xa,0xa,0xa,0xa,9,7,0x8ab,0x8ae,0x8b0,0x8ac,0x8af,6,
4,4,4,4,4,0xa,0xa,0xa,0xa,0x300a,0xf00a,0xa,0xa,0xa,0xa,0xa,
2,2,2,2,2,2,2,2,2,2,3,3,0xa,0x310a,0xf20a,0,
0,0,0,0,0,0,0,0,0,0,0,0,0,0,0,0,
4,4,4,4,4,4,4,4,4,4,4,4,4,4,4,4,
4,4,4,4,4,4,4,4,4,4,4,4,4,4,4,4,
0xb1,0xb1,0xb1,0xb1,0xb1,0xb1,0xb1,0xb1,0xb1,0xb1,0xb1,0xb1,0xb1,0xb1,0xb1,0xb1,
0xa,0xa,0,0xa,0xa,0xa,0xa,0,0xa,0xa,0,0,0,0,0,0,
0,0,0,0,0xa,0,0xa,0xa,0xa,0,0,0,0,0,0xa,0xa,
0xa,0xa,0xa,0xa,0,0xa,0,0xa,0,0xa,0,0,0,0,4,0,
0,0,0,0,0,0,0,0,0,0,0xa,0xa,0,0,0,0,
0x100a,0xa,0xa,0xa,0xa,0,0,0,0,0,0xa,0xa,0xa,0xa,0,0,
0xa,0xa,0xa,0xa,0xa,0xa,0xa,0xa,0xa,0xa,0xa,0xa,0xa,0xa,0xa,0xa,
0,0,0,0,0,0,0,0,0,0xa,0xa,0xa,0,0,0,0,
0xa,0xa,0xa,0xa,0xa,0xa,0xa,0xa,0xa,0xa,0xa,0xa,0xa,0xa,0xa,0xa,
0x300a,0xf00a,0x300a,0xf00a,0x300a,0xf00a,0x300a,0xf00a,0x300a,0xf00a,0x300a,0xf00a,0x300a,0xf00a,0xa,0xa,
0x300a,0xf00a,0x900a,0x900a,0x900a,0x100a,0x900a,0x900a,0x100a,0x100a,0x900a,0x900a,0x900a,0x900a,0x900a,0x100a,
0xa,0x100a,0x100a,0x100a,0x100a,0xa,0xa,0xa,0x700a,0x700a,0x700a,0xb00a,0xb00a,0xb00a,0xa,0xa,
0xa,0x100a,3,4,0xa,0x900a,0x100a,0xa,0xa,0xa,0x100a,0x100a,0x100a,0x100a,0xa,0x900a,
0x900a,0x900a,0x900a,0xa,0x900a,0xa,0x100a,0xa,0xa,0xa,0xa,0x100a,0x100a,0x100a,0x100a,0x100a,
0x100a,0x100a,0x100a,0x100a,0xa,0xa,0xa,0xa,0xa,0x100a,0xa,0x100a,0x300a,0xf00a,0x100a,0x100a,
0x100a,0x100a,0x100a,0x900a,0x100a,0x900a,0x100a,0x100a,0x100a,0x100a,0x100a,0x100a,0x900a,0xa,0xa,0xa,
0xa,0xa,0x300a,0xf00a,0x300a,0xf00a,0xa,0xa,0xa,0xa,0xa,0xa,0xa,0xa,0xa,0x100a,
0x100a,0xa,0x100a,0xa,0x300a,0xf00a,0x300a,0xf00a,0x300a,0xf00a,0x300a,0xf00a,0xa,0x100a,0x300a,0xf00a,
0x300a,0xf00a,0x300a,0xf00a,0x300a,0xf00a,0x300a,0xf00a,0x300a,0xf00a,0x300a,0xf00a,0x300a,0xf00a,0x300a,0xf00a,
0x100a,0xa,0xa,0x300a,0xf00a,0x300a,0xf00a,0xa,0xa,0xa,0xa,0xa,0x900a,0xa,0xa,0xa,
0xa,0xa,0xa,0xa,0xa,0xa,0x300a,0xf00a,0xa,0xa,0x900a,0x100a,0x900a,0x900a,0x100a,0x900a,
0x100a,0x100a,0x100a,0x100a,0x300a,0xf00a,0x300a,0xf00a,0x300a,0xf00a,0x300a,0xf00a,0x900a,0xa,0xa,0xa,
0xa,0xa,0x100a,0x100a,0xa,0xa,0xa,0xa,0xa,0xa,0xa,0xa,0xa,0x300a,0xf00a,0x300a,
0xf00a,0x900a,0xa,0xa,0x300a,0xf00a,0xa,0xa,0xa,0xa,0x300a,0xf00a,0x300a,0xf00a,0x300a,0xf00a,
0x300a,0xf00a,0x300a,0xf00a,0xa,0xa,0xa,0xa,0xa,0xa,0xa,0xa,0x310a,0xf20a,0x310a,0xf20a,
0xa,0xa,0xa,0xa,0xa,0xa,0xa,0xa,0xa,0xa,0xa,0xa,0xa,0xa,0xa,0xa,
0xa,0xa,0xa,0xa,0x100a,0x100a,0xa,0xa,0xa,0xa,0xa,0xa,0xa,0x310a,0xf20a,0xa,
0xa,0xa,0xa,0xa,0xa,0xa,0xa,0xa,0xa,0xa,0,0,0,0,0,0,
0,0,0,0,0,0,0,0,0,0,0,0,0,0,0,0,
0,0,0,0,0,0,0,0xa,0xa,0xa,0xa,0xa,0xa,0xa,0xa,0xa,
0xa,0xa,0xa,0xa,0xa,0xa,0xa,0xa,0xa,0xa,0xa,0xa,0xa,0,0xa,0xa,
0xa,0xa,0xa,0xa,0xa,0xa,0xa,0xa,0xa,0xa,0xa,0,0,0,0,0,
0,0,0,0,0,0,0,0,0,0,0,0,0,0,0,0,
0xa,0xa,0xa,0xa,0xa,0xa,0xa,0xa,2,2,2,2,2,2,2,2,
2,2,2,2,2,2,2,2,2,2,2,2,0,0,0,0,
0xa,0xa,0xa,0xa,0xa,0xa,0xa,0xa,0xa,0xa,0xa,0xa,0,0xa,0xa,0xa,
0xa,0xa,0xa,0xa,0xa,0xa,0xa,0xa,0xa,0xa,0xa,0xa,0xa,0xa,0xa,0xa,
0x310a,0xf20a,0x310a,0xf20a,0x310a,0xf20a,0x310a,0xf20a,0x310a,0xf20a,0x310a,0xf20a,0x310a,0xf20a,0xa,0xa,
0xa,0xa,0xa,0xa,0xa,0xa,0xa,0xa,0x100a,0xa,0xa,0x300a,0xf00a,0x310a,0xf20a,0xa,
0x300a,0xf00a,0xa,0x500a,0x100a,0xd00a,0xa,0xa,0xa,0xa,0xa,0x100a,0x100a,0x300a,0xf00a,0xa,
0xa,0xa,0xa,0xa,0x900a,0x300a,0xf00a,0xa,0xa,0xa,0x300a,0xf00a,0x300a,0xf00a,0x310a,0xf20a,
0x310a,0xf20a,0x310a,0xf20a,0x310a,0xf20a,0x310a,0xf20a,0xa,0xa,0xa,0xa,0xa,0xa,0xa,0xa,
0xa,0xa,0xa,0xa,0xa,0xa,0xa,0xa,0xa,0x100a,0xa,0x100a,0x100a,0x100a,0xa,0xa,
0x300a,0xf00a,0xa,0xa,0xa,0xa,0xa,0xa,0xa,0xa,0xa,0xa,0x100a,0x900a,0x100a,0x100a,
0x300a,0xf00a,0xa,0xa,0x310a,0xf20a,0xa,0xa,0xa,0xa,0xa,0x310a,0xf20a,0x310a,0xf20a,0x310a,
0xf20a,0x310a,0xf20a,0x310a,0xf20a,0x710a,0x320a,0xf10a,0xb20a,0x310a,0xf20a,0x310a,0xf20a,0x310a,0xf20a,0x310a,
0xf20a,0xa,0xa,0x900a,0x100a,0x100a,0x100a,0x100a,0x900a,0xa,0x100a,0x900a,0x300a,0xf00a,0x100a,0x100a,
0x300a,0xf00a,0x300a,0xf00a,0x300a,0xf00a,0x300a,0xf00a,0xa,0xa,0xa,0xa,0xa,0xa,0xa,0xa,
0x900a,0xa,0xa,0xa,0xa,0xa,0xa,0xa,0x300a,0xf00a,0x100a,0x100a,0x300a,0xf00a,0xa,0xa,
0xa,0x100a,0xa,0xa,0xa,0xa,0x100a,0x300a,0xf00a,0x300a,0xf00a,0xa,0x300a,0xf00a,0xa,0xa,
0x310a,0xf20a,0x310a,0xf20a,0x100a,0xa,0xa,0xa,0xa,0xa,0x100a,0x900a,0x900a,0x900a,0x100a,0xa,
0xa,0xa,0xa,0xa,0x300a,0xf00a,0x900a,0xa,0xa,0xa,0xa,0x100a,0xa,0xa,0xa,0x300a,
0xf00a,0x300a,0xf00a,0x100a,0xa,0x100a,0xa,0xa,0xa,0xa,0xa,0xa,0xa,0xa,0xa,0xa,
0xa,0xa,0x100a,0x100a,0x100a,0x100a,0x100a,0x100a,0x100a,0x100a,0x100a,0x100a,0x100a,0x100a,0x100a,0x100a,
0x100a,0x100a,0x100a,0x100a,0x100a,0xa,0x100a,0x100a,0x100a,0x100a,0xa,0xa,0x100a,0xa,0x100a,0xa,
0xa,0x100a,0xa,0x300a,0xf00a,0x300a,0xf00a,0xa,0xa,0xa,0xa,0xa,0x300a,0xf00a,0xa,0xa,
0xa,0xa,0xa,0xa,0x300a,0xf00a,0x100a,0xa,0xa,0xa,0xa,0xa,0xa,0xa,0xa,0xa,
0xa,0xa,0xa,0xa,0xa,0xa,0xa,0xa,0xa,0xa,0xa,0xa,0xa,0xa,0xa,0x100a,
0x100a,0xa,0xa,0xa,0xa,0xa,0xa,0xa,0x300a,0xf00a,0xa,0xa,0xa,0xa,0x100a,0x100a,
0x100a,0x100a,0xa,0x100a,0x100a,0xa,0xa,0x100a,0x100a,0xa,0xa,0xa,0xa,0x300a,0xf00a,0x300a,
0xf00a,0x300a,0xf00a,0x300a,0xf00a,0x300a,0xf00a,0x300a,0xf00a,0x300a,0xf00a,0x300a,0xf00a,0x300a,0xf00a,0x300a,
0xf00a,0x300a,0xf00a,0x300a,0xf00a,0x300a,0xf00a,0x300a,0xf00a,0x300a,0xf00a,0x300a,0xf00a,0x300a,0xf00a,0x300a,
0xf00a,0x300a,0xf00a,0x100a,0xa,0xa,0x300a,0xf00a,0x300a,0xf00a,0x300a,0xf00a,0x300a,0xf00a,0xa,0x300a,
0xf00a,0x300a,0xf00a,0x300a,0xf00a,0x300a,0xf00a,0x300a,0xf00a,0x300a,0xf00a,0x300a,0xf00a,0x300a,0xf00a,0x300a,
0xf00a,0x300a,0xf00a,0x300a,0xf00a,0x300a,0xf00a,0xa,0xa,0xa,0xa,0xa,0x100a,0xa,0x900a,0xa,
0xa,0xa,0xa,0xa,0xa,0xa,0xa,0xa,0xa,0xa,0xa,0xa,0xa,0xa,0xa,0xa,
0xa,0xa,0xa,0xa,0,0,0xa,0xa,0xa,0xa,0xa,0xa,0xa,0xa,0xa,0xa,
0xa,0xa,0xa,0xa,0xa,0xa,0xa,0xa,0xa,0xa,0xa,0xa,0xa,0xa,0,0xa,
0xa,0xa,0xa,0xa,0xa,0xa,0xa,0xa,0xa,0xa,0xa,0xa,0xa,0xa,0xa,0xa,
0xa,0xa,0xa,0xa,0xa,0xa,0xa,0xa,0xa,0xa,0xa,0xa,0xa,0xa,0x900a,0xa,
0,0,0,0,0,0xa,0xa,0xa,0xa,0xa,0xa,0,0,0,0,0xb1,
0xb1,0xb1,0,0,0,0,0,0,0,0xa,0xa,0xa,0xa,0xa,0xa,0xa,
0,0,0,0,0,0,0,0,0,0,0,0,0,0,0,0,
0,0,0,0,0,0,0,0,0,0,0,0,0,0,0,0xb1,
0xa,0xa,0x300a,0xf00a,0x300a,0xf00a,0xa,0xa,0xa,0x300a,0xf00a,0xa,0x300a,0xf00a,0xa,0xa,
0xa,0xa,0xa,0xa,0xa,0xa,0xa,0xa,0xa,0xa,0xa,0xa,0x300a,0xf00a,0xa,0xa,
0x300a,0xf00a,0x310a,0xf20a,0x310a,0xf20a,0x310a,0xf20a,0x310a,0xf20a,0xa,0xa,0xa,0xa,0xa,0xa,
0xa,0xa,0xa,0xa,0xa,0xa,0xa,0xa,0xa,0xa,0xa,0xa,0xa,0xa,0xa,0xa,
0xa,0x310a,0xf20a,0x310a,0xf20a,0x310a,0xf20a,0x310a,0xf20a,0xa,0,0,0xa,0xa,0xa,0xa,
0xa,0xa,0xa,0xa,0xa,0xa,0xa,0xa,0xa,0xa,0xa,0xa,0xa,0xa,0xa,0xa,
0xa,0xa,0xa,0xa,0xa,0xa,0,0xa,0xa,0xa,0xa,0xa,0xa,0xa,0xa,0xa,
0xa,0xa,0xa,0xa,0xa,0xa,0xa,0xa,0xa,0xa,0xa,0xa,0xa,0xa,0,0,
0,0,0,0,0,0,0,0,0,0,0,0,0,0,0,0,
0xa,0xa,0xa,0xa,0xa,0xa,0xa,0xa,0xa,0xa,0xa,0xa,0xa,0xa,0xa,0xa,
0xa,0,0,0,0,0,0,0,0,0,0xb1,0xb1,0xb1,0xb1,0,0,
0xa,0,0,0,0,0,0xa,0xa,0,0,0,0,0,0xa,0xa,0xa,
9,0xa,0xa,0xa,0xa,0,0,0,0x310a,0xf20a,0x310a,0xf20a,0x310a,0xf20a,0x310a,0xf20a,
0x310a,0xf20a,0xa,0xa,0x310a,0xf20a,0x310a,0xf20a,0x310a,0xf20a,0x310a,0xf20a,0xa,0xa,0xa,0xa,
0,0,0,0,0,0,0,0,0,0,0,0,0,0,0,0,
0,0,0,0,0,0,0,0,0,0xb1,0xb1,0xa,0xa,0,0,0,
0xa,0xa,0xa,0xa,0xa,0xa,0,0,0,0,0,0,0,0,0,0xa,
0,0,0,0,0,0,0,0,0,0,0,0,0,0,0,0,
0,0,0,0,0,0,0,0,0,0,0,0,0xa,0xa,0xa,0,
0,0,0,0,0,0,0,0,0,0,0,0,0,0,0,0,
0,0xa,0xa,0xa,0xa,0xa,0xa,0xa,0xa,0xa,0xa,0xa,0xa,0xa,0xa,0xa,
0,0,0,0,0,0,0,0,0,0,0,0,0xa,0xa,0xa,0xa,
0,0,0,0,0,0,0,0,0,0,0,0,0,0,0,0,
0,0,0,0,0,0,0,0xa,0xa,0xa,0xa,0,0,0,0,0,
0,0,0,0,0,0,0,0,0,0xa,0xa,0xa,0,0,0,0,
0,0,0,0,0,0,0,0,0,0,0,0,0,0,0,0xb1,
0xb1,0xb1,0xb1,0xa,0xb1,0xb1,0xb1,0xb1,0xb1,0xb1,0xb1,0xb1,0xb1,0xb1,0xa,0xa,
0,0,0,0,0,0,0,0,0,0,0,0,0,0,0,0,
0,0,0,0,0,0,0,0,0,0,0,0,0,0,0xb1,0xb1,
0,0,0,0,0,0,0,0,0xa,0,0,0,0,0,0,0,
0,0,0,0,0,0,0,0,0,0,0,0,0,0,0,0,
0,0,0xb1,0,0,0,0xb1,0,0,0,0,0xb1,0,0,0,0,
0,0,0,0,0,0,0,0,0,0,0,0,0,0,0,0,
0,0xb1,0xb1,0,0xa,0xa,0xa,0xa,0xb1,0,0,0,0,0,0,0,
0,0,0,0,4,4,0,0,0,0,0,0,0x40,0x40,0x40,0x40,
0x40,0x40,0x40,0x40,0x40,0x40,0x40,0x40,0x40,0x40,0x40,0x40,0x40,0x40,0x60,0,
0xa,0xa,0xa,0xa,0,0,0,0,0,0,0,0,0xb1,0xb1,0xb1,0xb1,
0xb1,0xb1,0xb1,0xb1,0xb1,0xb1,0xb1,0xb1,0xb1,0xb1,0xb1,0xb1,0xb1,0xb1,0,0,
0,0,0,0,0,0,0,0,0,0,0,0xb1,0,0,0,0,
0,0,0xb1,0xb1,0xb1,0xb1,0xb1,0xb1,0xb1,0xb1,0,0,0,0,0,0,
0,0,0,0,0,0,0,0,0,0,0,0,0,0,0,0xb1,
0xb1,0xb1,0xb1,0xb1,0xb1,0xb1,0xb1,0xb1,0xb1,0xb1,0,0,0,0,0,0,
0,0,0,0,0,0,0,0,0,0,0,0,0,0,0,0xb1,
0,0,0xb1,0xb1,0xb1,0xb1,0,0,0xb1,0xb1,0,0,0,0,0,0,
0,0,0,0,0,0xb1,0xb1,0xb1,0xb1,0xb1,0xb1,0,0,0xb1,0xb1,0,
0,0xb1,0xb1,0,0,0,0,0,0,0,0,0,0,0,0,0xb1,
0,0,0,0,0,0,0,0,0xb1,0,0,0,0,0,0,0,
0,0,0,0,0,0,0,0,0,0,0,0,0xb1,0,0xb1,0xb1,
0xb1,0,0,0xb1,0xb1,0,0,0,0,0,0xb1,0xb1,0,0,0,0,
0,0,0,0,0,0,0,0,0xb1,0xb1,0,0,0,0,0,0,
0,0,0xb1,0,0,0,0,0,0,0,0,0,0,0,0xa,0xa,
0,0,0,0,0,0,0,0,0,0,0,0,0,0,0,0,
0,0,0,0,0,0xb1,0,0,0xb1,0,0,0,0,0xb1,0,0,
0,0,0,0,0,0,0,0,0,0,0,0,0,0,0,0,
0xa,0xa,0xa,0xa,0xa,0xa,0xa,0xa,0xa,0xa,0xa,0xa,0xa,0xa,0xa,0xa,
0x11,0x11,0x11,0x11,0x11,0x11,0x11,0x11,0x11,0x11,0x11,0x11,0x11,0x11,0x11,0x11,
0,0,0xd,1,0x11,0x11,0x11,0x11,0x11,0x11,0x11,0x11,0x11,0x11,0x11,0x11,
0x11,0x11,0x11,0x11,0x11,0x11,0x11,0x11,0x11,0x11,1,1,1,1,1,0x11,
4,2,0,0,0,0,0,0,0,0,0,0,0,0xa,0xa,0xa,
0xa,0xa,0,0,0xa,0xa,0xa,0xa,0,0xa,0xa,0xa,0xa,0xa,0xa,0xa,
0xa,0,0,0,0,0,0,0,0,0,0,0,0,0,0,0,
0,0,0,0,0,0,0,0xa,0xa,0xa,0xa,0xa,0xa,0xa,0xa,0xa,
1,1,1,1,1,1,1,1,1,3,1,1,1,1,1,1,
1,1,1,1,1,1,1,1,1,1,1,1,1,1,1,1,
0xd,0xd,0xd,0xd,0xd,0xd,0xd,0xd,0xd,0xd,0xd,0xd,0xd,0xd,0xd,0xd,
0,0,0,0,0,0,0,0,0,0,0,0,0,0,0,0,
0,0,0,0,0,0,0,0,0,0,0,0,0,1,0xb1,1,
0xd,0xd,0xd,0xd,0xd,0xd,0xd,0xd,0xd,0xd,0xd,0xd,0xd,0xd,0xd,0xd,
0xd,0xd,0xd,0xd,0xd,0xd,0xd,0xd,0xd,0xd,0xd,0xd,0xd,0xd,0xa,0xa,
0xa,0xa,0xa,0xa,0xa,0xa,0xa,0xa,0xa,0xa,0xa,0xa,0xa,0xa,0xa,0xa,
0xd,0xd,0xd,0xd,0xd,0xd,0xd,0xd,0xd,0xd,0xd,0xd,0xd,0xd,0xd,0xd,
0xd,0xd,0xd,0xa,0x12,0x12,0x12,0x12,0x12,0x12,0x12,0x12,0x12,0x12,0x12,0x12,
0x12,0x12,0x12,0x12,0xd,0xd,0xd,0xd,0xd,0xd,0xd,0xd,0xd,0xd,0xd,0xd,
0xd,0xa,0xa,0xa,0xb1,0xb1,0xb1,0xb1,0xb1,0xb1,0xb1,0xb1,0xb1,0xb1,0xb1,0xb1,
0xb1,0xb1,0xb1,0xb1,0xa,0xa,0xa,0xa,0xa,0xa,0xa,0xa,0xa,0xa,0,0,
0,0,0,0,0xb1,0xb1,0xb1,0xb1,0xb1,0xb1,0xb1,0xb1,0xb1,0xb1,0xb1,0xb1,
0xb1,0xb1,0xb1,0xb1,0xa,0xa,0xa,0xa,0xa,0xa,0xa,0xa,0xa,0xa,0xa,0xa,
0xa,0xa,0xa,0xa,6,0xa,6,0,0xa,6,0xa,0xa,0xa,0x310a,0xf20a,0x310a,
0xf20a,0x310a,0xf20a,4,0xa,0xa,3,3,0x300a,0xf00a,0xa,0,0xa,4,4,0xa,
0,0,0,0,0xd,0xd,0xd,0xd,0xd,0xd,0xd,0xd,0xd,0xd,0xd,0xd,
0xd,0xd,0xd,0xd,0xd,0xd,0xd,0xd,0xd,0xd,0xd,0xd,0xd,0xd,0xd,0xd,
0xd,0xd,0xd,0xb2,0,0xa,0xa,4,4,4,0xa,0xa,0x310a,0xf20a,0xa,3,
6,3,6,6,2,2,2,2,2,2,2,2,2,2,6,0xa,
0x500a,0xa,0xd00a,0xa,0xa,0,0,0,0,0,0,0,0,0,0,0,
0,0,0,0,0,0,0,0,0,0,0,0,0,0,0,0x510a,
0xa,0xd20a,0xa,0x310a,0xf20a,0xa,0x310a,0xf20a,0xa,0xa,0,0,0,0,0,0,
0,0,0,0,0,0,0,0,0,0,0,0,0,0,0,0,
0,0,0,0,4,4,0xa,0xa,0xa,4,4,0,0xa,0xa,0xa,0xa,
0xa,0xa,0xa,0,0x12,0x12,0x12,0x12,0x12,0x12,0x12,0x12,0x12,0xaa,0xaa,0xaa,
0xa,0xa,0x12,0x12,0,0xa,0,0,0,0,0,0,0,0,0,0,
0,0,0,0,0,0,0,0,0,0,0,0,0,0,0,0,
0,0,0,0,0xa,0xa,0xa,0xa,0xa,0xa,0xa,0xa,0xa,0xa,0xa,0xa,
0xa,0,0,0,0xa,0xa,0xa,0xa,0xa,0xa,0xa,0xa,0xa,0xa,0xa,0xa,
0xa,0,0,0,0xb1,2,2,2,2,2,2,2,2,2,2,2,
2,2,2,2,2,2,2,2,2,2,2,2,2,2,2,2,
0,0,0,0,0,0,0,0,0,0,0,0,0,0,0,0,
0,0,0,0,0,0,0xb1,0xb1,0xb1,0xb1,0xb1,0,0,0,0,0,
1,1,1,1,1,1,1,1,1,1,1,1,1,1,1,1,
1,1,1,1,1,1,1,1,1,1,1,1,1,1,1,0xa,
1,0xb1,0xb1,0xb1,1,0xb1,0xb1,1,1,1,1,1,0xb1,0xb1,0xb1,0xb1,
1,1,1,1,1,1,1,1,1,1,1,1,1,1,1,1,
1,1,1,1,1,1,1,1,0xb1,0xb1,0xb1,1,1,1,1,0xb1,
0x41,0x81,1,1,0x81,0xb1,0xb1,1,1,1,1,0x41,0x41,0x41,0x41,0x81,
1,1,1,1,1,1,1,1,1,1,1,1,1,1,1,1,
0x41,0x41,0x41,0x41,0x41,0x81,1,0x81,1,0x81,0x81,1,1,0x61,0x81,0x81,
0x81,0x81,0x81,0x41,0x41,0x41,0x41,0x61,0x41,0x41,0x41,0x41,0x41,0x81,0x41,0x41,
1,1,1,1,1,1,1,1,1,1,1,1,1,1,1,1,
1,1,1,1,1,1,1,1,1,0xa,0xa,0xa,0xa,0xa,0xa,0xa,
0x41,0x81,0x41,0x81,0x81,0x81,0x41,0x41,0x41,0x81,0x41,0x41,0x81,0x41,0x81,0x81,
0x41,0x81,1,1,1,1,1,1,1,1,1,1,1,1,1,1,
1,0x81,0x81,0x81,0x81,0x41,0x41,1,1,1,1,1,1,1,1,1,
1,1,1,1,1,1,1,1,0x4d,0x4d,0x8d,0x4d,0xb1,0xb1,0xb1,0xb1,
0xd,0xd,0xd,0xd,0xd,0xd,0xd,0xd,5,5,5,5,5,5,5,5,
5,5,0xd,0xd,0xd,0xd,0xd,0xd,0x6d,0x4d,0x4d,0x4d,0x4d,0x4d,0x4d,0x4d,
0x4d,0x4d,0x4d,0x4d,0x4d,0x4d,0x4d,0x4d,0x4d,0x4d,0x4d,0x4d,0x4d,0x4d,0x4d,0x4d,
0x4d,0x4d,0x4d,0x4d,0x4d,0x4d,0x4d,0x4d,1,1,1,1,1,1,1,1,
1,0xb1,0xb1,0xb1,0xb1,0xb1,0xa,1,1,1,1,1,1,1,1,1,
1,1,1,1,1,1,1,1,5,5,5,5,5,5,5,5,
5,5,1,1,1,1,1,1,1,1,1,1,1,1,1,1,
1,1,1,1,1,1,1,1,5,5,5,5,5,5,5,5,
5,5,5,5,5,5,5,5,5,5,5,5,5,5,5,5,
5,5,5,5,5,5,5,1,1,1,1,1,1,1,1,1,
1,1,1,0xb1,0xb1,1,1,1,1,1,1,1,1,1,1,1,
1,1,1,1,1,1,1,1,0xd,0xd,0xd,0xd,0xd,0xd,0xd,0xd,
0xd,0xd,0xd,0xd,0xd,0xd,0xd,0xd,0xd,0xd,0xd,0xd,0xd,0xd,0xd,0xd,
0xd,0xd,0xd,0xd,0xb1,0xb1,0xb1,0xb1,0xd,0xd,0x8d,0x4d,0x4d,0xd,0xd,0xd,
0xd,0xd,0xd,0xd,0xd,0xd,0xd,0xd,0xd,0xd,0xd,0xd,0xd,0xd,0xd,0xd,
0xd,0xd,0xd,0xd,0xd,0xd,0xd,0xd,1,1,1,1,1,1,1,1,
1,1,1,1,1,1,1,1,0x4d,0x4d,0x4d,0x8d,0x4d,0x4d,0x4d,0x4d,
0x4d,0x4d,0x4d,0x4d,0x4d,0x4d,0x4d,0x4d,0x4d,0xd,0xb1,0xb1,0xb1,0xb1,0xb1,0xb1,
0xb1,0xb1,0xb1,0xb1,0xb1,0x4d,0x4d,0x4d,0x8d,0xd,0xd,0xd,0xd,0xd,0xd,0xd,
0xd,0xd,0xd,0xd,0xd,0xd,0xd,0xd,0xd,0xd,0xd,0xd,0x41,0x41,0x41,0x41,
0x81,0x81,0x41,0x41,0x41,0x41,0x41,0x41,0x41,0x41,0x41,0x41,0x41,0x41,0xb1,0xb1,
0xb1,0xb1,1,1,1,1,1,1,1,1,1,1,1,1,1,1,
1,1,1,1,1,1,1,1,1,1,1,1,0x41,1,0x41,0x41,
0x81,0x81,0x81,1,0x41,0x81,0x81,0x41,0x41,0x81,0x41,0x41,1,0x41,0x81,0x81,
0x41,1,1,1,1,0x81,0x41,0x61,1,1,1,1,1,1,1,1,
1,1,1,1,1,1,1,1,1,1,1,1,0,0,0,0,
0,0,0,0,0,0,0,0,0,0,0,0,0,0,0,0,
0,0,0,0,0xb1,0xb1,0xb1,0xb1,0xb1,0xb1,0xb1,0xb1,0xb1,0xb1,0xb1,0,
0,0,0,0,0,0,0,0,0,0,0xa,0xa,0xa,0xa,0xa,0xa,
0xa,0xa,0xa,0xa,0xa,0xa,0xa,0xa,0xa,0xa,0,0,0,0,0,0,
0,0,0,0,0xb1,0,0,0xb1,0xb1,0,0,0,0,0,0,0,
0,0,0,0xb1,0,0,0,0,0,0,0,0,0,0,0,0,
0,0,0,0,0,0,0,0xb1,0xb1,0xb1,0xb1,0,0,0xb1,0xb1,0,
0,0,0,0,0,0,0,0xb1,0xb1,0xb1,0xb1,0xb1,0,0xb1,0xb1,0xb1,
0xb1,0xb1,0xb1,0xb1,0xb1,0,0,0,0,0,0,0,0,0,0,0,
0,0,0,0,0,0,0,0,0,0,0,0xb1,0,0,0,0,
0,0,0,0,0,0,0,0,0,0,0,0,0,0,0,0,
0,0,0xb1,0xb1,0xb1,0xb1,0xb1,0xb1,0xb1,0xb1,0xb1,0,0,0,0,0,
0,0,0,0,0,0xb1,0xb1,0xb1,0xb1,0,0,0xb1,0,0,0,0,
0,0,0,0,0,0,0,0,0,0,0,0,0,0,0,0xb1,
0xb1,0xb1,0,0,0xb1,0,0xb1,0xb1,0,0,0,0,0,0,0xb1,0,
0,0,0,0xb1,0xb1,0xb1,0xb1,0xb1,0xb1,0xb1,0xb1,0,0,0,0,0,
0,0,0,0,0,0,0,0,0,0,0,0,0,0,0,0,
0,0,0xb1,0xb1,0xb1,0xb1,0xb1,0xb1,0xb1,0,0,0,0xb1,0xb1,0xb1,0xb1,
0xb1,0,0,0,0,0,0,0,0,0,0,0,0,0,0,0,
0,0,0,0,0,0,0,0,0,0,0,0,0,0,0,0xb1,
0xb1,0xb1,0xb1,0xb1,0xb1,0,0,0,0,0,0,0,0,0,0,0,
0,0,0xb1,0,0xb1,0,0xb1,0,0,0,0,0,0,0,0,0,
0,0,0,0,0,0,0xb1,0xb1,0xb1,0,0xb1,0,0,0,0,0,
0,0,0,0,0,0,0,0,0,0,0,0,0,0,0,0,
0,0,0xb1,0,0,0,0,0,0,0,0,0,0,0,0,0,
0,0,0,0,0,0,0,0xb1,0xb1,0xb1,0xb1,0xb1,0xb1,0,0xb1,0,
0,0,0,0xb1,0xb1,0,0xb1,0xb1,0,0,0,0,0,0,0,0,
0,0,0,0,0,0,0,0,0,0,0,0,0,0,0,0,
0,0,0,0,0,0,0xb1,0xb1,0xb1,0xb1,0,0,0,0,0,0,
0xb1,0xb1,0,0xb1,0xb1,0,0,0,0,0,0,0,0,0,0,0,
0,0,0,0,0,0,0,0,0,0,0,0,0,0,0,0,
0xb1,0xb1,0,0,0,0,0,0,0,0,0,0,0,0,0,0,
0,0,0,0,0,0,0,0xb1,0xb1,0xb1,0xb1,0xb1,0xb1,0xb1,0xb1,0,
0,0xb1,0,0xb1,0xa,0xa,0xa,0xa,0xa,0xa,0xa,0xa,0xa,0xa,0xa,0xa,
0xa,0,0,0,0,0,0,0,0,0,0,0,0,0,0,0,
0,0,0,0,0,0,0,0xb1,0,0xb1,0,0,0xb1,0xb1,0xb1,0xb1,
0xb1,0xb1,0,0xb1,0,0,0,0,0,0,0,0,0,0,0,0,
0,0,0,0,0,0,0,0,0,0,0,0,0,0,0,0,
0,0xb1,0,0xb1,0,0,0xb1,0xb1,0xb1,0xb1,0,0xb1,0xb1,0xb1,0xb1,0xb1,
0,0,0,0,0,0,0,0,0,0,0,0,0,0,0,0,
0,0,0,0,0,0,0,0xb1,0xb1,0xb1,0xb1,0xb1,0xb1,0xb1,0xb1,0xb1,
0,0xb1,0xb1,0,0,0,0,0,0,0,0,0,0,0,0,0,
0,0,0,0,0,0,0,0,0,0,0,0,0,0,0,0xb1,
0xb1,0,0xb1,0,0,0,0,0xb1,0,0,0,0,0,0,0,0,
0,0,0,0,0,0,0,0,0,0,0,0,0,0,0,0,
0,0,0,0,0xb1,0xb1,0xb1,0xb1,0,0,0xb1,0xb1,0,0,0,0,
0,0xb1,0xb1,0xb1,0xb1,0xb1,0xb1,0xa0,0xa0,0xb1,0xb1,0,0,0,0,0,
0,0,0,0,0,0,0,0,0,0,0,0,0,0,0,0,
0,0,0,0xb1,0xb1,0xb1,0xb1,0xb1,0xb1,0,0,0xb1,0xb1,0xb1,0xb1,0,
0,0,0,0,0,0,0,0xb1,0,0,0,0,0,0,0,0,
0,0xb1,0xb1,0xb1,0xb1,0xb1,0xb1,0,0,0xb1,0xb1,0xb1,0,0,0,0,
0,0,0,0,0,0,0xb1,0xb1,0xb1,0xb1,0xb1,0xb1,0xb1,0xb1,0xb1,0xb1,
0xb1,0xb1,0xb1,0,0xb1,0xb1,0,0,0,0,0,0,0,0,0,0,
0,0,0,0,0,0,0,0,0xb1,0xb1,0xb1,0xb1,0xb1,0xb1,0xb1,0,
0xb1,0xb1,0xb1,0xb1,0xb1,0xb1,0,0xa0,0xb1,0xb1,0xb1,0xb1,0xb1,0xb1,0xb1,0xb1,
0,0,0xb1,0xb1,0xb1,0xb1,0xb1,0xb1,0xb1,0,0xb1,0xb1,0,0xb1,0xb1,0,
0,0,0,0,0,0,0,0,0,0,0,0,0,0,0,0,
0,0,0xb1,0xb1,0xb1,0xb1,0xb1,0xb1,0xb1,0xb1,0xb1,0xb1,0xb1,0xb1,0xb1,0xb1,
0,0,0,0,0,0,0,0,0,0,0,0,0,0,0,0,
0,0xb1,0xb1,0xb1,0xb1,0xb1,0xb1,0,0,0,0xb1,0,0xb1,0xb1,0,0xb1,
0,0,0,0,0,0,0,0,0,0,0,0,0,0,0,0,
0xb1,0xb1,0,0,0,0xb1,0,0xb1,0,0,0,0,0,0,0,0,
4,0xa,0xa,0xa,0xa,0xa,0xa,0xa,0xa,0xa,0xa,0xa,0xa,0xa,0xa,0xa,
0xa,0xa,0,0,0,0,0,0,0,0,0,0,0,0,0,0,
0,0,0,0,0,0,0,0,0,0xa,0xa,0xa,0xa,0xa,0xa,0xa,
0xa,4,4,4,0,0,0,0,0,0,0,0,0,0,0,0,
0,0,0,0,0xa0,0xa0,0xa0,0xa0,0xa0,0xa0,0xa0,0xa0,0xa0,0xa0,0xa0,0xa0,
0xa0,0xa0,0xa0,0xa0,0xb1,0,0,0,0,0,0,0xb1,0xb1,0xb1,0xb1,0xb1,
0xb1,0xb1,0xb1,0xb1,0xb1,0xb1,0xb1,0xb1,0xb1,0xb1,0,0,0,0,0,0,
0,0,0,0,0xb1,0xb1,0xb1,0xb1,0xb1,0xb1,0xb1,0xb1,0xb1,0xb1,0,0,
0,0xb1,0xb1,0xb1,0,0,0,0,0,0,0,0,0,0,0,0,
0,0,0,0,0xb1,0xb1,0xb1,0xb1,0xb1,0,0,0,0,0,0,0,
0,0,0,0,0,0,0,0,0,0,0,0,0xb1,0xb1,0xb1,0xb1,
0xb1,0xb1,0xb1,0,0,0,0,0,0,0,0,0,0,0,0,0,
0,0,0,0xb1,0xb1,0xb1,0xb1,0,0,0,0,0,0,0,0,0,
0,0,0,0,0,0,0xa,0,0xb1,0,0,0,0,0,0,0,
0,0,0,0,0,0,0,0,0,0,0,0,0,0,0,0,
0,0,0,0,0xb2,0xb2,0xb2,0xb2,0,0,0,0,0,0,0,0,
0,0,0,0,0,0,0,0,0,0,0,0,0,0,0,0,
0,0,0,0,2,2,2,2,2,2,2,2,2,2,0,0,
0,0,0,0,0xb1,0xb1,0xb1,0xb1,0xb1,0xb1,0xb1,0xb1,0xb1,0xb1,0xb1,0xb1,
0xb1,0xb1,0,0,0xb1,0xb1,0xb1,0xb1,0xb1,0xb1,0xb1,0xb1,0xb1,0xb1,0xb1,0xb1,
0xb1,0xb1,0xb1,0xb1,0,0,0,0,0,0,0,0xb1,0xb1,0xb1,0,0,
0,0,0,0,0,0,0,0xb2,0xb2,0xb2,0xb2,0xb2,0xb2,0xb2,0xb2,0xb1,
0xb1,0xb1,0xb1,0xb1,0xb1,0xb1,0xb1,0,0,0xb1,0xb1,0xb1,0xb1,0xb1,0xb1,0xb1,
0,0,0,0,0,0,0,0,0,0,0,0,0,0,0,0,
0,0,0,0,0,0,0xb1,0xb1,0xb1,0xb1,0,0,0,0,0,0,
0,0,0,0,0,0,0,0,0,0,0,0,0,0xa,0xa,0,
0,0,0,0,0,0,0,0,0,0,0,0,0,0,0,0,
0,0,0,0,0xa,0xa,0xb1,0xb1,0xb1,0xa,0,0,0,0,0,0,
0,0,0,0,0,0,0,0,0,0,0,0,0,0,0,0,
0,0,0,0,0xa,0xa,0xa,0xa,0xa,0xa,0xa,0xa,0xa,0xa,0xa,0xa,
0xa,0xa,0xa,0xa,0xa,0xa,0xa,0xa,0xa,0xa,0xa,0,0,0,0,0,
0,0,0,0,0,0xa,0,0,0,0,0,0,0,0,0,0,
0,0,0,0,0,0,0,0,0,0,0,0,0,0,0,0x100a,
0,0,0,0,0,0,0,0,0,0,0,0,0,0,0,0,
0,0,0,0,0,0x100a,0,0,0,0,0,0,0,0,0,0,
0,0,0,0,0,0,0,0,0,0,0,0,0,0xa,0,0,
0,0,0,0,0,0,0,0,0,0,0,0x100a,0,0,0,0,
0,0,0,0,0,0,2,2,2,2,2,2,2,2,2,2,
2,2,2,2,2,2,2,2,2,2,2,2,2,2,2,2,
2,2,2,2,2,2,2,2,0xb1,0xb1,0xb1,0xb1,0xb1,0xb1,0xb1,0xb1,
0xb1,0xb1,0xb1,0xb1,0xb1,0xb1,0xb1,0xb1,0xb1,0xb1,0xb1,0xb1,0xb1,0xb1,0xb1,0,
0,0,0,0xb1,0xb1,0xb1,0xb1,0xb1,0xb1,0xb1,0xb1,0xb1,0xb1,0xb1,0xb1,0xb1,
0xb1,0,0,0,0,0,0,0,0,0xb1,0,0,0,0,0,0,
0,0,0,0,0xb1,0,0,0,0,0,0,0,0,0,0,0,
0,0,0,0,0,0,0,0,0,0,0,0xb1,0xb1,0xb1,0xb1,0xb1,
0,0xb1,0xb1,0xb1,0xb1,0xb1,0xb1,0xb1,0xb1,0xb1,0xb1,0xb1,0xb1,0xb1,0xb1,0xb1,
0,0,0,0,0,0,0,0,0,0,0,0,0,0,0,0,
0xb1,0xb1,0xb1,0xb1,0xb1,0xb1,0xb1,0,0xb1,0xb1,0xb1,0xb1,0xb1,0xb1,0xb1,0xb1,
0xb1,0xb1,0xb1,0xb1,0xb1,0xb1,0xb1,0xb1,0xb1,0,0,0xb1,0xb1,0xb1,0xb1,0xb1,
0xb1,0xb1,0,0xb1,0xb1,0,0xb1,0xb1,0xb1,0xb1,0xb1,0,0,0,0,0,
0,0,0,0,0,0,0,0,0,0,0,0,0,0,0,0,
0xb1,0xb1,0xb1,0xb1,0,0,0,0,0,0,0,0,0,0,0,0,
0,0,0,4,0,0,0,0,0,0,0,0,0,0,0,0,
0xb1,0xb1,0xb1,0xb1,0,0,0,0,0,0,0,0,0,0,0,0,
0,0,0,0,0,0,0xb1,0xb1,0,0,0,0,0,0,0,0,
0,0,0,0,0,0,0,0,1,1,1,1,1,1,1,1,
1,1,1,1,1,1,1,1,0xb1,0xb1,0xb1,0xb1,0xb1,0xb1,0xb1,1,
1,1,1,1,1,1,1,1,0x41,0x41,0x41,0x41,0x41,0x41,0x41,0x41,
0x41,0x41,0x41,0x41,0x41,0x41,0x41,0x41,0x41,0x41,0x41,0x41,0x41,0x41,0x41,0x41,
0x41,0x41,0x41,0x41,0x41,0x41,0x41,0x41,0xb1,0xb1,0xb1,0xb1,0xb1,0xb1,0xb1,0xa1,
1,1,1,1,1,1,1,1,1,1,1,1,1,1,1,1,
1,1,1,1,0xd,0xd,0xd,0xd,0xd,0xd,0xd,0xd,0xd,0xd,0xd,0xd,
0xd,0xd,0xd,0xd,0xa,0xa,0xd,0xd,0xd,0xd,0xd,0xd,0xd,0xd,0xd,0xd,
0xd,0xd,0xd,0xd,0xa,0xa,0xa,0xa,0xa,0xa,0xa,0xa,0xa,0xa,0xa,0xa,
0,0,0,0,0xa,0xa,0xa,0xa,0xa,0xa,0xa,0xa,0xa,0xa,0xa,0xa,
0xa,0xa,0xa,0xa,0xa,0xa,0xa,0,0,0xa,0xa,0xa,0xa,0xa,0xa,0xa,
0xa,0xa,0xa,0xa,0xa,0xa,0xa,0xa,0,0xa,0xa,0xa,0xa,0xa,0xa,0xa,
0xa,0xa,0xa,0xa,0xa,0xa,0xa,0xa,2,2,2,2,2,2,2,2,
2,2,2,0xa,0xa,0xa,0xa,0xa,0,0,0,0,0,0,0,0,
0,0,0,0,0,0,0,0,0,0,0xa,0xa,0xa,0xa,0xa,0xa,
0,0,0,0,0,0,0,0,0,0,0,0,0,0,0,0,
0,0xa,0,0,0,0,0,0,0,0,0,0,0,0,0,0,
0,0,0,0,0xa,0xa,0xa,0xa,0xa,0xa,0xa,0xa,0xa,0xa,0xa,0xa,
0xa,0xa,0xa,0xa,0xa,0xa,0xa,0xa,0xa,0xa,0xa,0xa,0,0,0,0,
0xa,0xa,0xa,0xa,0xa,0xa,0xa,0xa,0xa,0xa,0xa,0xa,0xa,0xa,0xa,0xa,
0xa,0xa,0xa,0xa,0xa,0xa,0xa,0,0,0,0,0xa,0xa,0xa,0xa,0xa,
0xa,0xa,0xa,0xa,0xa,0xa,0xa,0xa,0xa,0xa,0xa,0xa,0xa,0xa,0xa,0xa,
0xa,0xa,0xa,0xa,0xa,0xa,0,0,0,0,0,0,0xa,0xa,0xa,0xa,
0xa,0xa,0xa,0xa,0xa,0xa,0xa,0xa,0,0,0,0,0xa,0,0,0,
0,0,0,0,0,0,0,0,0,0,0,0,0xa,0xa,0xa,0xa,
0xa,0xa,0xa,0xa,0,0,0,0,0,0,0,0,0xa,0xa,0xa,0xa,
0xa,0xa,0xa,0xa,0xa,0xa,0,0,0,0,0,0,0xa,0xa,0xa,0xa,
0xa,0xa,0xa,0xa,0,0,0,0,0,0,0,0,0xa,0xa,0xa,0xa,
0xa,0xa,0xa,0xa,0xa,0xa,0xa,0xa,0xa,0xa,0xa,0xa,0xa,0xa,0,0,
0xa,0xa,0xa,0xa,0xa,0xa,0xa,0xa,0xa,0xa,0xa,0xa,0,0,0,0,
0xa,0xa,0xa,0xa,0xa,0xa,0xa,0xa,0xa,0xa,0xa,0xa,0xa,0xa,0,0,
0xa,0xa,0xa,0xa,0xa,0xa,0xa,0xa,0xa,0xa,0xa,0xa,0xa,0,0,0,
0xa,0xa,0xa,0xa,0xa,0xa,0xa,0xa,0xa,0xa,0,0,0,0,0,0xa,
0xa,0xa,0xa,0xa,0xa,0xa,0xa,0xa,0xa,0xa,0xa,0xa,0xa,0xa,0xa,0xa,
0xa,0xa,0xa,0,0,0,0,0,0,0,0xa,0xa,0xa,0xa,0xa,0xa,
0xa,0xa,0xa,0xa,0xa,0xa,0xa,0xa,0xa,0,0,0xa,0xa,0xa,0xa,0xa,
0xa,0xa,0xa,0xa,0xa,0xa,0,0,0,0,0,0,0xa,0xa,0xa,0xa,
0xa,0xa,0xa,0xa,0xa,0,0,0,0,0,0,0,0xa,0xa,0xa,0xa,
0xa,0xa,0xa,0xa,0xa,0xa,0xa,0xa,0xa,0xa,0xa,0xa,0xa,0xa,0xa,0,
0xa,0xa,0xa,0xa,0xa,0xa,0xa,0xa,0xa,0xa,0xa,0xa,0xa,0xa,0xa,0xa,
2,2,2,2,2,2,2,2,2,2,0,0,0,0,0,0,
0,0,0,0,0,0,0,0,0,0,0,0,0,0,0,0,
0,0,0,0,0,0,0,0,0,0,0x12,0x12,0xb2,0xb2,0xb2,0xb2,
0xb2,0xb2,0xb2,0xb2,0xb2,0xb2,0xb2,0xb2,0xb2,0xb2,0xb2,0xb2,0xb2,0xb2,0xb2,0xb2,
0xb2,0xb2,0xb2,0xb2,0xb2,0xb2,0xb2,0xb2,0xb2,0xb2,0xb2,0xb2,0x12,0xb2,0x12,0x12,
0x12,0x12,0x12,0x12,0x12,0x12,0x12,0x12,0x12,0x12,0x12,0x12,0x12,0x12,0x12,0x12,
0x12,0x12,0x12,0x12,0x12,0x12,0x12,0x12,0x12,0x12,0x12,0x12,0x12,0x12,0x12,0x12,
0xb1,0xb1,0xb1,0xb1,0xb1,0xb1,0xb1,0xb1,0xb1,0xb1,0xb1,0xb1,0xb1,0xb1,0xb1,0xb1,
0x12,0x12,0x12,0x12,0x12,0x12,0x12,0x12,0x12,0x12,0x12,0x12,0x12,0x12,0x12,0x12,
0,0,0,0
};

static const uint32_t ubidi_props_mirrors[40]={
0x2000ab,0xbb,0x4202215,0x4e0221f,0x3e02220,0x3a02221,0x3c02222,0x4c02224,0x2202243,0x1402245,0x120224c,0x4002298,0x44022a6,0x48022a8,0x46022a9,0x4a022ab,
0x38022b8,0x10022cd,0x2e022f2,0x30022f3,0x32022f4,0x34022f6,0x36022f7,0x24022fa,0x26022fb,0x28022fc,0x2a022fd,0x2c022fe,0x20027dc,0xa0299b,0xc029a0,0x8029a3,
0x16029b8,0x4029f5,0x1802ade,0x1c02ae3,0x1a02ae4,0x1e02ae5,0xe02aee,0x602bfe
};

static const uint8_t ubidi_props_jgArray[683]={
0x68,0,3,3,0x2c,3,0x2d,3,4,0x2a,4,4,0xd,0xd,0xd,6,
6,0x1f,0x1f,0x23,0x23,0x21,0x21,0x28,0x28,1,1,0xb,0xb,0x37,0x37,0x37,
0,9,0x1d,0x13,0x16,0x18,0x1a,0x10,0x2c,0x2d,0x2d,0,0,0,0,0,
0,0,0,0,0,0,0,0,0,0,0,0,0,0,0,0,
0,0,0,0,0,0,0,0,0,0,0,0,0,0,4,0x1d,
0,3,3,3,0,3,0x2c,0x2c,0x2d,4,4,4,4,4,4,4,
4,0xd,0xd,0xd,0xd,0xd,0xd,0xd,6,6,6,6,6,6,6,6,
6,0x1f,0x1f,0x1f,0x1f,0x1f,0x1f,0x1f,0x1f,0x1f,0x23,0x23,0x23,0x21,0x21,0x28,
1,9,9,9,9,9,9,0x1d,0x1d,0xb,0x26,0xb,0x13,0x13,0x13,0xb,
0xb,0xb,0xb,0xb,0xb,0x16,0x16,0x16,0x16,0x1a,0x1a,0x1a,0x1a,0x38,0x15,0xd,
0x2a,0x11,0x11,0xe,0x2c,0x2c,0x2c,0x2c,0x2c,0x2c,0x2c,0x2c,0x37,0x2f,0x37,0x2c,
0x2d,0x2d,0x2e,0x2e,0,0x2a,0,0,0,0,0,0,0,0,0,0,
0,0,0,0,0,0,0,0,0,0,0,0,0,0,6,0x1f,
0,0,0,0,0,0,0,0,0,0,0x23,0x21,1,0,0,0x15,
0,0,0,0,0,0,0,0,0,0,0,0,0,0,0,0,
2,0,5,0xc,0xc,7,7,0xf,0x27,0x32,0x12,0x2b,0x2b,0x30,0x31,0x14,
0x17,0x19,0x1b,0x24,0xa,8,0x1c,0x20,0x22,0x1e,7,0x25,0x29,5,0xc,7,
0,0,0,0,0,0,0,0,0,0,0,0,0,0,0,0,
0,0,0,0,0,0,0,0,0,0,0,0,0,0x35,0x34,0x33,
4,4,4,4,4,4,4,0xd,0xd,6,6,0x1f,0x23,1,1,1,
9,9,0xb,0xb,0xb,0x18,0x18,0x1a,0x1a,0x1a,0x16,0x1f,0x1f,0x23,0xd,0xd,
0x23,0x1f,0xd,3,3,0x37,0x37,0x2d,0x2c,0x2c,0x36,0x36,0xd,0x23,0x23,0x13,
0,0,0,0,0,0,0,0,0,0,0,0,0,0,0,0,
0,0,0,0,0,0,0,0,0,0,0,0,0,0,0,0,
0,0,0,0,0,0,0,0,0,0,0,0,0,0,0,0,
0,0,0,0,0,0,0,0,0,0,0,0,0,0,0,0,
0,0,0,0,0,0,0,0,0,0,0,0,0,0,0,0,
0,0,0,0,0,0,0,0,0,0,0,0,0,0,0,0,
0,0,0,0,0,0,0,0,0,0,0,0,0,0,0,0,
0,0,0,0,0,0,0,0,0,0,0,0,0,0,0,0,
0,0,0,0,0,0,0,0,0,0,0,0,0,0,0,0,
0,0,0,0,0,0,0,0,0,0,0,0,0,0,0,0,
0,0,0,0,0,0,0,0,0,0,0,0,0,0,0,0,
0,0,0,0,0,0,0,0,0,0,0,0,0,0,0,0,
0,0,0,0,0,0,0,0,0,0,0,0,0,0,0,0,
0,0,0,0,0,0,0,0,0,0,0,0,0,0,0,0,
0x5d,0x5a,0x60,0x63,0x5e,0x5f,0x59,0x61,0x5b,0x5c,0x62,0,0,0,0,0,
3,3,3,3,3,3,3,3,3,3,3,3,3,3,3,3,
3,3,3,0,0,0,0x66,0,0,0x1a,0xd,0x28,0x28,0xb,0x67,0,
0,0,0,0,0,0,0,0,0,0,0,0,0,0,0,0,
4,4,0xd,0x28,9,0x1d,0x16,0x18,0x2d,0x2d,0x1f,0x2c,0x39,0,6,0x21,
0xb,0x55,0x1f,1,0x13,0x1d,4,4,4,0x1f,0x2d,0x56,0x58,0x57,4,4,
4,0xd,0xb,1,0x58,0xd,0xd,0x16,0xb,0,0
};

static const uint8_t ubidi_props_jgArray2[1029]={
0x3a,0x3c,0x3c,0x40,0x40,0x3d,0,0x52,0,0x54,0x54,0,0,0x41,0x4f,0x53,
0x43,0x43,0x43,0x44,0x3e,0x50,0x45,0x46,0x4c,0x3b,0x3b,0x48,0x48,0x4b,0x49,0x49,
0x49,0x4a,0,0,0x4d,0,0,0,0,0,0,0x47,0x3f,0x4e,0x51,0x42,
0,0,0,0,0,0,0,0,0,0,0,0,0,0,0,0,
0,0,0,0,0,0,0,0,0,0,0,0,0,0,0,0,
0,0,0,0,0,0,0,0,0,0,0,0,0,0,0,0,
0,0,0,0,0,0,0,0,0,0,0,0,0,0,0,0,
0,0,0,0,0,0,0,0,0,0,0,0,0,0,0,0,
0,0,0,0,0,0,0,0,0,0,0,0,0,0,0,0,
0,0,0,0,0,0,0,0,0,0,0,0,0,0,0,0,
0,0,0,0,0,0,0,0,0,0,0,0,0,0,0,0,
0,0,0,0,0,0,0,0,0,0,0,0,0,0,0,0,
0,0,0,0,0,0,0,0,0,0,0,0,0,0,0,0,
0,0,0,0,0,0,0,0,0,0,0,0,0,0,0,0,
0,0,0,0,0,0,0,0,0,0,0,0,0,0,0,0,
0,0,0,0,0,0,0,0,0,0,0,0,0,0,0,0,
0,0,0,0,0,0,0,0,0,0,0,0,0,0,0,0,
0,0,0,0,0,0,0,0,0,0,0,0,0,0,0,0,
0,0,0,0,0,0,0,0,0,0,0,0,0,0,0,0,
0,0,0,0,0,0,0,0,0,0,0,0,0,0,0,0,
0,0,0,0,0,0,0,0,0,0,0,0,0,0,0,0,
0,0,0,0,0,0,0,0,0,0,0,0,0,0,0,0,
0,0,0,0,0,0,0,0,0,0,0,0,0,0,0,0,
0,0,0,0,0,0,0,0,0,0,0,0,0,0,0,0,
0,0,0,0,0,0,0,0,0,0,0,0,0,0,0,0,
0,0,0,0,0,0,0,0,0,0,0,0,0,0,0,0,
0,0,0,0,0,0,0,0,0,0,0,0,0,0,0,0,
0,0,0,0,0,0,0,0,0,0,0,0,0,0,0,0,
0,0,0,0,0,0,0,0,0,0,0,0,0,0,0,0,
0,0,0,0,0,0,0,0,0,0,0,0,0,0,0,0,
0,0,0,0,0,0,0,0,0,0,0,0,0,0,0,0,
0,0,0,0,0,0,0,0,0,0,0,0,0,0,0,0,
0,0,0,0,0,0,0,0,0,0,0,0,0,0,0,0,
0,0,0,0,0,0,0,0,0,0,0,0,0,0,0,0,
0,0,0,0,0,0,0,0,0,0,0,0,0,0,0,0,
0,0,0,0,0,0,0,0,0,0,0,0,0,0,0,0,
0,0,0x65,0,0,0,0,0,0,0x65,0,0,0,0,0,0,
0,0,0,0,0,0,0,0,0,0x64,0,0,0x65,0,0x64,0,
0x64,0,0,0x64,0,0,0,0,0,0,0,0,0,0,0,0,
0,0,0,0,0,0,0,0,0,0,0,0,0,0,0,0,
0,0,0,0,0,0,0,0,0,0,0,0,0,0,0,0,
0,0,0,0,0,0,0,0,0,0,0,0,0,0,0,0,
0,0,0,0,0,0,0,0,0,0,0,0,0,0,0,0,
0,0,0,0,0,0,0,0,0,0,0,0,0,0,0,0,
0,0,0,0,0,0,0,0,0,0,0,0,0,0,0,0,
0,0,0,0,0,0,0,0,0,0,0,0,0,0,0,0,
0,0,0,0,0,0,0,0,0,0,0,0,0,0,0,0,
0,0,0,0,0,0,0,0,0,0,0,0,0,0,0,0,
0,0,0,0,0,0,0,0,0,0,0,0,0,0,0,0,
0,0,0,0,0,0,0,0,0,0,0,0,0,0,0,0,
0,0,0,0,0,0,0,0,0,0,0,0,0,0,0,0,
0,0,0,0,0,0,0,0,0,0,0,0,0,0,0,0,
0,0,0,0,0,0,0,0,0,0,0,0,0,0,0,0,
0,0,0,0,0,0,0,0,0,0,0,0,0,0,0,0,
0,0,0,0,0,0,0,0,0,0,0,0,0,0,0,0,
0,0,0,0,0,0,0,0,0,0,0,0,0,0,0,0,
0,0,0,0,0,0,0,0,0,0,0,0,0,0,0,0,
0,0,0,0,0,0,0,0,0,0,0,0,0,0,0,0,
0,0,0,0,0,0,0,0,0,0,0,0,0,0,0,0,
0,0,0,0,0,0,0,0,0,0,0,0,0,0,0,0,
0,0,0,0,0,0,0,0,0,0,0,0,0,0,0,0,
0,0,0,0,0,0,0,0,0,0,0,0,0,0,0,0,
0,0,0,0,0,0,0,0,0,0,0,0,0,0,0,0,
0,0,0,0,0,0,0,0,0,0,0,0,0,0,0,0,
0,0,6,0x28,0x13
};

static const UBiDiProps ubidi_props_singleton={
  nullptr,
  ubidi_props_indexes,
  ubidi_props_mirrors,
  ubidi_props_jgArray,
  ubidi_props_jgArray2,
  {
    ubidi_props_trieIndex,
    ubidi_props_trieIndex+3668,
    nullptr,
    3668,
    9696,
    0x1a0,
    0xed4,
    0x0,
    0x0,
    0x110000,
    0x3430,
    nullptr, 0, false, false, 0, nullptr
  },
  { 2,2,0,0 }
};

#endif  // INCLUDED_FROM_UBIDI_PROPS_C
#endif // APPLE_ICU_CHANGES
#else // APPLE_ICU_CHANGES
// Copyright (C) 2016 and later: Unicode, Inc. and others.
// License & terms of use: http://www.unicode.org/copyright.html
// Copyright (C) 1999-2016, International Business Machines
// Corporation and others.  All Rights Reserved.
//
// file name: ubidi_props_data.h
//
// machine-generated by: icu/tools/unicode/c/genprops/bidipropsbuilder.cpp

#ifdef INCLUDED_FROM_UBIDI_PROPS_C

static const UVersionInfo ubidi_props_dataVersion={0x11,0,0,0};

static const int32_t ubidi_props_indexes[UBIDI_IX_TOP]={0x10,0x713c,0x69a8,0x28,0x620,0x8cc,0x10ac0,0x10ec8,0,0,0,0,0,0,0,0x6902b6};

static const uint16_t ubidi_props_trieIndex[13516]={
0x395,0x39d,0x3a5,0x3ad,0x3c5,0x3cd,0x3d5,0x3dd,0x3b5,0x3bd,0x3b5,0x3bd,0x3b5,0x3bd,0x3b5,0x3bd,
0x3b5,0x3bd,0x3b5,0x3bd,0x3e3,0x3eb,0x3f3,0x3fb,0x403,0x40b,0x407,0x40f,0x417,0x41f,0x41a,0x422,
0x3b5,0x3bd,0x3b5,0x3bd,0x42a,0x432,0x3b5,0x3bd,0x3b5,0x3bd,0x3b5,0x3bd,0x438,0x440,0x448,0x450,
0x458,0x460,0x468,0x470,0x476,0x47e,0x486,0x48e,0x496,0x49e,0x4a4,0x4ac,0x4b4,0x4bc,0x4c4,0x4cc,
0x4d8,0x4d4,0x4e0,0x4e8,0x4f0,0x500,0x507,0x4f8,0x50f,0x511,0x519,0x521,0x529,0x52a,0x532,0x53a,
0x542,0x52a,0x54a,0x54f,0x542,0x52a,0x557,0x55f,0x529,0x567,0x56f,0x521,0x577,0x3b5,0x57f,0x583,
0x58b,0x58d,0x595,0x59d,0x529,0x5a5,0x5ad,0x521,0x42c,0x5b1,0x532,0x521,0x529,0x3b5,0x5b9,0x3b5,
0x3b5,0x5bf,0x5c7,0x3b5,0x3b5,0x5cb,0x5d3,0x3b5,0x5d7,0x5de,0x3b5,0x5e6,0x5ee,0x5f5,0x576,0x3b5,
0x3b5,0x5fd,0x605,0x60d,0x615,0x3b5,0x3b5,0x3b5,0x3b5,0x3b5,0x3b5,0x3b5,0x3b5,0x3b5,0x3b5,0x3b5,
0x3b5,0x3b5,0x3b5,0x3b5,0x3b5,0x3b5,0x3b5,0x3b5,0x3b5,0x3b5,0x61d,0x3b5,0x625,0x3b5,0x3b5,0x3b5,
0x62d,0x3b5,0x3b5,0x3b5,0x3b5,0x3b5,0x3b5,0x3b5,0x3b5,0x3b5,0x3b5,0x3b5,0x3b5,0x3b5,0x3b5,0x3b5,
0x3b5,0x3b5,0x3b5,0x3b5,0x635,0x3b5,0x3b5,0x3b5,0x63d,0x536,0x536,0x536,0x3b5,0x643,0x64b,0x625,
0x661,0x653,0x653,0x669,0x670,0x659,0x3b5,0x3b5,0x3b5,0x678,0x680,0x3b5,0x3b5,0x3b5,0x682,0x68a,
0x692,0x3b5,0x699,0x6a1,0x3b5,0x6a9,0x6b6,0x6ae,0x566,0x6be,0x577,0x6c6,0x42c,0x6ce,0x3b5,0x6d5,
0x3b5,0x6da,0x3b5,0x3b5,0x3b5,0x3b5,0x6e0,0x6e8,0x3b5,0x3b5,0x3b5,0x3b5,0x3b5,0x3b5,0x403,0x403,
0x3b5,0x3b5,0x3b5,0x3b5,0x3b5,0x3b5,0x3b5,0x3b5,0x3b5,0x3b5,0x3b5,0x3b5,0x3b5,0x6ef,0x6f7,0x6fb,
0x713,0x719,0x703,0x70b,0x721,0x729,0x72d,0x5f8,0x735,0x73d,0x745,0x3b5,0x74d,0x68a,0x68a,0x68a,
0x75d,0x765,0x76d,0x775,0x77a,0x782,0x78a,0x755,0x792,0x79a,0x3b5,0x7a0,0x7a7,0x68a,0x68a,0x68a,
0x68a,0x79d,0x7ad,0x68a,0x7b5,0x3b5,0x3b5,0x687,0x68a,0x68a,0x68a,0x68a,0x68a,0x68a,0x68a,0x68a,
0x68a,0x68a,0x68a,0x68a,0x68a,0x7bd,0x68a,0x68a,0x68a,0x68a,0x68a,0x7c3,0x68a,0x68a,0x7cb,0x7d3,
0x3b5,0x3b5,0x3b5,0x3b5,0x3b5,0x3b5,0x3b5,0x3b5,0x68a,0x68a,0x68a,0x68a,0x7e3,0x7eb,0x7f3,0x7db,
0x803,0x80b,0x813,0x81a,0x821,0x829,0x82d,0x7fb,0x68a,0x68a,0x68a,0x835,0x68a,0x68a,0x68a,0x83b,
0x3b5,0x3b5,0x3b5,0x3b5,0x3b5,0x3b5,0x3b5,0x843,0x3b5,0x3b5,0x3b5,0x84b,0x3b5,0x3b5,0x3b5,0x403,
0x853,0x85b,0x85e,0x3b5,0x866,0x68a,0x68a,0x68d,0x68a,0x68a,0x68a,0x68a,0x68a,0x68a,0x86d,0x873,
0x883,0x87b,0x3b5,0x3b5,0x88b,0x62d,0x3b5,0x3dc,0x3b5,0x3b5,0x3b5,0x3b5,0x3b5,0x3b5,0x68a,0x893,
0x3ea,0x3b5,0x873,0x897,0x3b5,0x89f,0x8a7,0x3b5,0x3b5,0x3b5,0x3b5,0x8ab,0x3b5,0x3b5,0x682,0x3db,
0x3b5,0x3b5,0x3b5,0x3b5,0x3b5,0x3b5,0x3b5,0x3b5,0x3b5,0x3b5,0x3b5,0x3b5,0x3b5,0x3b5,0x3b5,0x3b5,
0x3b5,0x3b5,0x3b5,0x3b5,0x3b5,0x3b5,0x3b5,0x3b5,0x3b5,0x3b5,0x3b5,0x3b5,0x3b5,0x3b5,0x3b5,0x3b5,
0x3b5,0x3b5,0x3b5,0x3b5,0x3b5,0x3b5,0x3b5,0x3b5,0x3b5,0x3b5,0x3b5,0x3b5,0x3b5,0x3b5,0x3b5,0x3b5,
0x3b5,0x3b5,0x3b5,0x3b5,0x3b5,0x3b5,0x3b5,0x3b5,0x3b5,0x3b5,0x3b5,0x3b5,0x3b5,0x3b5,0x3b5,0x3b5,
0x3b5,0x3b5,0x3b5,0x3b5,0x3b5,0x3b5,0x3b5,0x3b5,0x3b5,0x3b5,0x3b5,0x3b5,0x3b5,0x3b5,0x3b5,0x3b5,
0x3b5,0x3b5,0x3b5,0x3b5,0x3b5,0x3b5,0x3b5,0x3b5,0x3b5,0x3b5,0x3b5,0x3b5,0x3b5,0x3b5,0x3b5,0x3b5,
0x3b5,0x3b5,0x3b5,0x3b5,0x3b5,0x3b5,0x3b5,0x3b5,0x3b5,0x3b5,0x3b5,0x3b5,0x3b5,0x3b5,0x3b5,0x3b5,
0x3b5,0x3b5,0x3b5,0x3b5,0x3b5,0x3b5,0x3b5,0x3b5,0x3b5,0x3b5,0x3b5,0x3b5,0x3b5,0x3b5,0x3b5,0x3b5,
0x3b5,0x3b5,0x3b5,0x3b5,0x3b5,0x3b5,0x3b5,0x3b5,0x3b5,0x3b5,0x3b5,0x3b5,0x3b5,0x3b5,0x3b5,0x3b5,
0x3b5,0x3b5,0x3b5,0x3b5,0x3b5,0x3b5,0x3b5,0x3b5,0x3b5,0x3b5,0x3b5,0x3b5,0x3b5,0x3b5,0x3b5,0x3b5,
0x3b5,0x3b5,0x3b5,0x3b5,0x3b5,0x3b5,0x3b5,0x3b5,0x3b5,0x3b5,0x3b5,0x3b5,0x3b5,0x3b5,0x3b5,0x3b5,
0x3b5,0x3b5,0x3b5,0x3b5,0x3b5,0x3b5,0x3b5,0x3b5,0x3b5,0x3b5,0x3b5,0x3b5,0x3b5,0x3b5,0x3b5,0x3b5,
0x3b5,0x3b5,0x3b5,0x3b5,0x3b5,0x3b5,0x3b5,0x3b5,0x3b5,0x3b5,0x3b5,0x3b5,0x3b5,0x3b5,0x68a,0x68a,
0x3b5,0x3b5,0x3b5,0x3b5,0x3b5,0x3b5,0x3b5,0x3b5,0x3b5,0x3b5,0x3b5,0x3b5,0x3b5,0x3b5,0x3b5,0x3b5,
0x3b5,0x3b5,0x3b5,0x3b5,0x3b5,0x3b5,0x3b5,0x3b5,0x3b5,0x3b5,0x3b5,0x3b5,0x3b5,0x3b5,0x3b5,0x3b5,
0x3b5,0x3b5,0x3b5,0x3b5,0x3b5,0x3b5,0x3b5,0x3b5,0x3b5,0x3b5,0x3b5,0x3b5,0x3b5,0x3b5,0x3b5,0x3b5,
0x3b5,0x3b5,0x3b5,0x3b5,0x3b5,0x3b5,0x3b5,0x3b5,0x3b5,0x3b5,0x3b5,0x3b5,0x3b5,0x3b5,0x3b5,0x3b5,
0x3b5,0x3b5,0x3b5,0x3b5,0x3b5,0x3b5,0x3b5,0x3b5,0x3b5,0x3b5,0x3b5,0x3b5,0x3b5,0x3b5,0x3b5,0x3b5,
0x3b5,0x3b5,0x3b5,0x3b5,0x3b5,0x3b5,0x3b5,0x3b5,0x3b5,0x3b5,0x3b5,0x3b5,0x3b5,0x3b5,0x3b5,0x3b5,
0x3b5,0x3b5,0x3b5,0x3b5,0x3b5,0x3b5,0x3b5,0x3b5,0x3b5,0x3b5,0x3b5,0x3b5,0x3b5,0x3b5,0x3b5,0x3b5,
0x3b5,0x3b5,0x3b5,0x3b5,0x3b5,0x3b5,0x3b5,0x3b5,0x3b5,0x3b5,0x3b5,0x3b5,0x3b5,0x3b5,0x3b5,0x3b5,
0x3b5,0x3b5,0x3b5,0x3b5,0x3b5,0x3b5,0x3b5,0x3b5,0x3b5,0x3b5,0x3b5,0x3b5,0x3b5,0x3b5,0x3b5,0x3b5,
0x3b5,0x3b5,0x3b5,0x3b5,0x3b5,0x3b5,0x3b5,0x3b5,0x3b5,0x3b5,0x3b5,0x3b5,0x3b5,0x3b5,0x3b5,0x3b5,
0x3b5,0x3b5,0x3b5,0x3b5,0x3b5,0x3b5,0x3b5,0x3b5,0x3b5,0x3b5,0x3b5,0x3b5,0x3b5,0x3b5,0x3b5,0x3b5,
0x3b5,0x3b5,0x3b5,0x3b5,0x3b5,0x3b5,0x3b5,0x3b5,0x3b5,0x3b5,0x3b5,0x3b5,0x3b5,0x3b5,0x3b5,0x3b5,
0x3b5,0x3b5,0x3b5,0x3b5,0x3b5,0x3b5,0x3b5,0x3b5,0x3b5,0x3b5,0x3b5,0x3b5,0x3b5,0x3b5,0x3b5,0x3b5,
0x3b5,0x3b5,0x3b5,0x3b5,0x3b5,0x3b5,0x3b5,0x3b5,0x3b5,0x3b5,0x3b5,0x3b5,0x3b5,0x3b5,0x3b5,0x3b5,
0x3b5,0x3b5,0x3b5,0x3b5,0x3b5,0x3b5,0x3b5,0x3b5,0x3b5,0x3b5,0x3b5,0x3b5,0x3b5,0x3b5,0x3b5,0x3b5,
0x3b5,0x3b5,0x3b5,0x3b5,0x3b5,0x3b5,0x3b5,0x3b5,0x3b5,0x3b5,0x3b5,0x3b5,0x3b5,0x3b5,0x3b5,0x3b5,
0x3b5,0x3b5,0x3b5,0x3b5,0x3b5,0x3b5,0x3b5,0x3b5,0x3b5,0x3b5,0x3b5,0x3b5,0x3b5,0x3b5,0x3b5,0x3b5,
0x3b5,0x3b5,0x3b5,0x3b5,0x3b5,0x3b5,0x3b5,0x3b5,0x3b5,0x3b5,0x3b5,0x3b5,0x3b5,0x3b5,0x3b5,0x3b5,
0x3b5,0x3b5,0x3b5,0x3b5,0x3b5,0x3b5,0x3b5,0x3b5,0x3b5,0x3b5,0x3b5,0x3b5,0x3b5,0x3b5,0x3b5,0x3b5,
0x3b5,0x3b5,0x3b5,0x3b5,0x3b5,0x3b5,0x3b5,0x3b5,0x3b5,0x3b5,0x3b5,0x3b5,0x3b5,0x3b5,0x3b5,0x3b5,
0x3b5,0x3b5,0x3b5,0x3b5,0x3b5,0x3b5,0x3b5,0x3b5,0x3b5,0x3b5,0x3b5,0x3b5,0x3b5,0x3b5,0x3b5,0x3b5,
0x3b5,0x3b5,0x3b5,0x3b5,0x3b5,0x3b5,0x3b5,0x3b5,0x3b5,0x3b5,0x3b5,0x3b5,0x3b5,0x3b5,0x3b5,0x3b5,
0x3b5,0x3b5,0x3b5,0x3b5,0x3b5,0x3b5,0x3b5,0x3b5,0x3b5,0x3b5,0x3b5,0x3b5,0x3b5,0x3b5,0x3b5,0x3b5,
0x3b5,0x3b5,0x3b5,0x3b5,0x3b5,0x3b5,0x3b5,0x3b5,0x3b5,0x3b5,0x3b5,0x3b5,0x3b5,0x3b5,0x3b5,0x3b5,
0x3b5,0x3b5,0x3b5,0x3b5,0x3b5,0x3b5,0x3b5,0x3b5,0x3b5,0x3b5,0x3b5,0x3b5,0x3b5,0x3b5,0x3b5,0x3b5,
0x3b5,0x3b5,0x3b5,0x3b5,0x3b5,0x3b5,0x3b5,0x3b5,0x3b5,0x3b5,0x3b5,0x3b5,0x3b5,0x3b5,0x3b5,0x3b5,
0x3b5,0x3b5,0x3b5,0x3b5,0x3b5,0x3b5,0x3b5,0x3b5,0x3b5,0x3b5,0x3b5,0x3b5,0x3b5,0x3b5,0x3b5,0x3b5,
0x3b5,0x3b5,0x3b5,0x3b5,0x3b5,0x3b5,0x3b5,0x3b5,0x3b5,0x3b5,0x3b5,0x3b5,0x3b5,0x3b5,0x3b5,0x3b5,
0x3b5,0x3b5,0x3b5,0x3b5,0x3b5,0x3b5,0x3b5,0x3b5,0x3b5,0x3b5,0x3b5,0x3b5,0x3b5,0x3b5,0x3b5,0x3b5,
0x3b5,0x3b5,0x3b5,0x3b5,0x3b5,0x3b5,0x3b5,0x3b5,0x3b5,0x3b5,0x3b5,0x3b5,0x3b5,0x3b5,0x3b5,0x3b5,
0x3b5,0x3b5,0x3b5,0x3b5,0x3b5,0x3b5,0x3b5,0x3b5,0x3b5,0x3b5,0x3b5,0x3b5,0x3b5,0x3b5,0x3b5,0x3b5,
0x3b5,0x3b5,0x3b5,0x3b5,0x3b5,0x3b5,0x3b5,0x3b5,0x3b5,0x3b5,0x3b5,0x3b5,0x3b5,0x3b5,0x3b5,0x3b5,
0x3b5,0x3b5,0x3b5,0x3b5,0x3b5,0x3b5,0x3b5,0x3b5,0x3b5,0x3b5,0x3b5,0x3b5,0x3b5,0x3b5,0x3b5,0x3b5,
0x3b5,0x3b5,0x3b5,0x3b5,0x3b5,0x3b5,0x3b5,0x3b5,0x3b5,0x3b5,0x3b5,0x3b5,0x3b5,0x3b5,0x3b5,0x3b5,
0x3b5,0x3b5,0x3b5,0x3b5,0x3b5,0x3b5,0x3b5,0x3b5,0x3b5,0x3b5,0x3b5,0x3b5,0x3b5,0x3b5,0x3b5,0x3b5,
0x3b5,0x3b5,0x3b5,0x3b5,0x3b5,0x3b5,0x3b5,0x3b5,0x3b5,0x3b5,0x3b5,0x3b5,0x3b5,0x3b5,0x3b5,0x3b5,
0x3b5,0x3b5,0x3b5,0x3b5,0x3b5,0x3b5,0x3b5,0x3b5,0x3b5,0x3b5,0x3b5,0x3b5,0x3b5,0x3b5,0x3b5,0x3b5,
0x3b5,0x3b5,0x3b5,0x3b5,0x3b5,0x3b5,0x3b5,0x3b5,0x3b5,0x3b5,0x3b5,0x3b5,0x3b5,0x3b5,0x3b5,0x3b5,
0x3b5,0x3b5,0x3b5,0x3b5,0x3b5,0x3b5,0x3b5,0x3b5,0x3b5,0x3b5,0x3b5,0x3b5,0x3b5,0x3b5,0x3b5,0x3b5,
0x3b5,0x3b5,0x3b5,0x3b5,0x3b5,0x3b5,0x3b5,0x3b5,0x3b5,0x3b5,0x3b5,0x3b5,0x3b5,0x3b5,0x3b5,0x3b5,
0x3b5,0x3b5,0x3b5,0x3b5,0x3b5,0x3b5,0x3b5,0x3b5,0x3b5,0x3b5,0x3b5,0x3b5,0x3b5,0x3b5,0x3b5,0x3b5,
0x3b5,0x3b5,0x3b5,0x3b5,0x3b5,0x3b5,0x3b5,0x3b5,0x3b5,0x3b5,0x3b5,0x3b5,0x3b5,0x3b5,0x3b5,0x3b5,
0x3b5,0x3b5,0x3b5,0x3b5,0x3b5,0x3b5,0x3b5,0x3b5,0x3b5,0x3b5,0x3b5,0x3b5,0x3b5,0x3b5,0x3b5,0x3b5,
0x3b5,0x3b5,0x3b5,0x3b5,0x873,0x68a,0x5a3,0x3b5,0x3b5,0x3b5,0x3b5,0x3b5,0x3b5,0x3b5,0x3b5,0x3b5,
0x8b2,0x3b5,0x3b5,0x8b7,0x8bf,0x3b5,0x3b5,0x5d9,0x68a,0x681,0x3b5,0x3b5,0x8c7,0x3b5,0x3b5,0x3b5,
0x8cf,0x8d6,0x653,0x8de,0x3b5,0x3b5,0x5af,0x8e6,0x3b5,0x8ee,0x8f5,0x3b5,0x50f,0x8fa,0x3b5,0x528,
0x3b5,0x902,0x90a,0x52a,0x3b5,0x90e,0x529,0x916,0x3b5,0x3b5,0x3b5,0x91c,0x3b5,0x3b5,0x3b5,0x923,
0x3b5,0x3b5,0x3b5,0x3b5,0x3b5,0x3b5,0x3b5,0x3b5,0x3b5,0x3b5,0x3b5,0x3b5,0x3b5,0x3b5,0x3b5,0x3b5,
0x3b5,0x3b5,0x3b5,0x3b5,0x3b5,0x3b5,0x3b5,0x3b5,0x3b5,0x3b5,0x3b5,0x3b5,0x3b5,0x3b5,0x3b5,0x3b5,
0x3b5,0x3b5,0x3b5,0x3b5,0x3b5,0x3b5,0x3b5,0x3b5,0x3b5,0x3b5,0x3b5,0x3b5,0x3b5,0x3b5,0x3b5,0x3b5,
0x3b5,0x3b5,0x3b5,0x3b5,0x3b5,0x3b5,0x3b5,0x3b5,0x3b5,0x3b5,0x3b5,0x3b5,0x3b5,0x3b5,0x3b5,0x3b5,
0x3b5,0x3b5,0x3b5,0x3b5,0x3b5,0x3b5,0x3b5,0x3b5,0x3b5,0x3b5,0x3b5,0x3b5,0x3b5,0x3b5,0x3b5,0x3b5,
0x3b5,0x3b5,0x3b5,0x3b5,0x3b5,0x3b5,0x3b5,0x3b5,0x3b5,0x3b5,0x3b5,0x3b5,0x3b5,0x3b5,0x3b5,0x3b5,
0x3b5,0x3b5,0x3b5,0x3b5,0x3b5,0x3b5,0x3b5,0x3b5,0x3b5,0x3b5,0x3b5,0x3b5,0x3b5,0x3b5,0x3b5,0x3b5,
0x3b5,0x3b5,0x3b5,0x3b5,0x3b5,0x3b5,0x3b5,0x3b5,0x3b5,0x3b5,0x3b5,0x3b5,0x3b5,0x3b5,0x3b5,0x3b5,
0x3b5,0x3b5,0x3b5,0x3b5,0x3b5,0x3b5,0x3b5,0x3b5,0x3b5,0x3b5,0x3b5,0x3b5,0x3b5,0x3b5,0x3b5,0x3b5,
0x3b5,0x3b5,0x3b5,0x3b5,0x3b5,0x3b5,0x3b5,0x3b5,0x3b5,0x3b5,0x3b5,0x3b5,0x3b5,0x3b5,0x3b5,0x3b5,
0x3b5,0x3b5,0x3b5,0x3b5,0x3b5,0x3b5,0x3b5,0x3b5,0x3b5,0x3b5,0x3b5,0x3b5,0x3b5,0x3b5,0x3b5,0x3b5,
0x3b5,0x3b5,0x3b5,0x3b5,0x3b5,0x3b5,0x3b5,0x3b5,0x3b5,0x3b5,0x3b5,0x3b5,0x3b5,0x3b5,0x3b5,0x3b5,
0x3b5,0x3b5,0x3b5,0x3b5,0x3b5,0x3b5,0x3b5,0x3b5,0x3b5,0x3b5,0x3b5,0x3b5,0x3b5,0x3b5,0x3b5,0x3b5,
0x3b5,0x3b5,0x3b5,0x3b5,0x3b5,0x3b5,0x3b5,0x3b5,0x3b5,0x3b5,0x3b5,0x3b5,0x3b5,0x3b5,0x3b5,0x3b5,
0x3b5,0x3b5,0x3b5,0x3b5,0x3b5,0x3b5,0x3b5,0x3b5,0x3b5,0x3b5,0x3b5,0x3b5,0x3b5,0x3b5,0x3b5,0x3b5,
0x3b5,0x3b5,0x3b5,0x3b5,0x3b5,0x3b5,0x3b5,0x3b5,0x3b5,0x3b5,0x3b5,0x3b5,0x3b5,0x3b5,0x3b5,0x3b5,
0x3b5,0x3b5,0x3b5,0x3b5,0x3b5,0x3b5,0x3b5,0x3b5,0x3b5,0x3b5,0x3b5,0x3b5,0x3b5,0x3b5,0x3b5,0x3b5,
0x3b5,0x3b5,0x3b5,0x3b5,0x3b5,0x3b5,0x3b5,0x3b5,0x3b5,0x3b5,0x3b5,0x3b5,0x3b5,0x3b5,0x3b5,0x3b5,
0x3b5,0x3b5,0x3b5,0x3b5,0x3b5,0x3b5,0x3b5,0x3b5,0x3b5,0x3b5,0x3b5,0x3b5,0x3b5,0x3b5,0x3b5,0x3b5,
0x3b5,0x3b5,0x3b5,0x3b5,0x3b5,0x3b5,0x3b5,0x3b5,0x3b5,0x3b5,0x3b5,0x3b5,0x3b5,0x3b5,0x3b5,0x3b5,
0x3b5,0x3b5,0x3b5,0x3b5,0x3b5,0x3b5,0x3b5,0x3b5,0x3b5,0x3b5,0x3b5,0x3b5,0x3b5,0x3b5,0x3b5,0x3b5,
0x3b5,0x3b5,0x3b5,0x3b5,0x3b5,0x3b5,0x3b5,0x3b5,0x3b5,0x3b5,0x3b5,0x3b5,0x3b5,0x3b5,0x3b5,0x3b5,
0x3b5,0x3b5,0x3b5,0x3b5,0x3b5,0x3b5,0x3b5,0x3b5,0x3b5,0x3b5,0x3b5,0x3b5,0x3b5,0x3b5,0x3b5,0x3b5,
0x3b5,0x3b5,0x3b5,0x3b5,0x3b5,0x3b5,0x3b5,0x3b5,0x3b5,0x3b5,0x3b5,0x3b5,0x3b5,0x3b5,0x3b5,0x3b5,
0x3b5,0x3b5,0x3b5,0x3b5,0x3b5,0x3b5,0x3b5,0x3b5,0x3b5,0x3b5,0x3b5,0x3b5,0x3b5,0x3b5,0x3b5,0x3b5,
0x3b5,0x3b5,0x3b5,0x3b5,0x3b5,0x3b5,0x3b5,0x3b5,0x3b5,0x3b5,0x3b5,0x3b5,0x3b5,0x3b5,0x3b5,0x3b5,
0x3b5,0x3b5,0x3b5,0x3b5,0x3b5,0x3b5,0x3b5,0x3b5,0x3b5,0x3b5,0x3b5,0x3b5,0x3b5,0x3b5,0x3b5,0x3b5,
0x3b5,0x3b5,0x3b5,0x3b5,0x3b5,0x3b5,0x3b5,0x3b5,0x3b5,0x3b5,0x3b5,0x3b5,0x3b5,0x3b5,0x3b5,0x3b5,
0x3b5,0x3b5,0x3b5,0x3b5,0x3b5,0x3b5,0x3b5,0x3b5,0x3b5,0x3b5,0x3b5,0x3b5,0x3b5,0x3b5,0x3b5,0x3b5,
0x3b5,0x3b5,0x3b5,0x3b5,0x3b5,0x3b5,0x3b5,0x3b5,0x3b5,0x3b5,0x3b5,0x3b5,0x3b5,0x3b5,0x3b5,0x3b5,
0x3b5,0x3b5,0x3b5,0x3b5,0x3b5,0x3b5,0x3b5,0x3b5,0x3b5,0x3b5,0x3b5,0x3b5,0x3b5,0x3b5,0x3b5,0x3b5,
0x3b5,0x3b5,0x3b5,0x3b5,0x3b5,0x3b5,0x3b5,0x3b5,0x3b5,0x3b5,0x3b5,0x3b5,0x3b5,0x3b5,0x3b5,0x3b5,
0x3b5,0x3b5,0x3b5,0x3b5,0x3b5,0x3b5,0x3b5,0x3b5,0x3b5,0x3b5,0x3b5,0x3b5,0x3b5,0x3b5,0x3b5,0x3b5,
0x3b5,0x3b5,0x3b5,0x3b5,0x3b5,0x3b5,0x3b5,0x3b5,0x3b5,0x3b5,0x3b5,0x3b5,0x3b5,0x3b5,0x3b5,0x3b5,
0x3b5,0x3b5,0x3b5,0x3b5,0x3b5,0x3b5,0x3b5,0x3b5,0x3b5,0x3b5,0x3b5,0x3b5,0x3b5,0x3b5,0x3b5,0x3b5,
0x3b5,0x3b5,0x3b5,0x3b5,0x3b5,0x3b5,0x3b5,0x3b5,0x3b5,0x3b5,0x3b5,0x3b5,0x3b5,0x3b5,0x3b5,0x3b5,
0x3b5,0x3b5,0x3b5,0x3b5,0x3b5,0x3b5,0x3b5,0x3b5,0x3b5,0x3b5,0x3b5,0x3b5,0x3b5,0x3b5,0x3b5,0x3b5,
0x3b5,0x3b5,0x3b5,0x3b5,0x3b5,0x3b5,0x3b5,0x3b5,0x3b5,0x3b5,0x3b5,0x3b5,0x3b5,0x3b5,0x3b5,0x873,
0x68a,0x68a,0x68a,0x92b,0x933,0x93b,0x943,0x68a,0x3b5,0x3b5,0x3b5,0x3b5,0x3b5,0x3b5,0x3b5,0x3b5,
0x3b5,0x3b5,0x3b5,0x3b5,0x3b5,0x3b5,0x3b5,0x3b5,0x957,0x94b,0x94f,0x4b4,0x4b4,0x4b4,0x95f,0x4b4,
0x4b4,0x4b4,0x4b4,0x4b4,0x4b4,0x4b4,0x4b4,0x4b4,0x4b4,0x964,0x96c,0x4b4,0x970,0x4b4,0x976,0x97a,
0x982,0x98a,0x98e,0x996,0x4b4,0x4b4,0x4b4,0x99a,0x9a2,0x3a5,0x9aa,0x9b2,0x3b5,0x3b5,0x3b5,0x9ba,
0x3b5,0x3b5,0x3b5,0x3b5,0x3b5,0x3b5,0x3b5,0x3b5,0x3b5,0x3b5,0x3b5,0x3b5,0x3b5,0x3b5,0x3b5,0x3b5,
0x3b5,0x3b5,0x3b5,0x3b5,0x3b5,0x3b5,0x3b5,0x3b5,0x3b5,0x3b5,0x3b5,0x3b5,0x3b5,0x3b5,0x3b5,0x3b5,
0xed4,0xed4,0xf14,0xf54,0xed4,0xed4,0xed4,0xed4,0xed4,0xed4,0xf8c,0xfcc,0x100c,0x101c,0x105c,0x1068,
0xed4,0xed4,0x10a8,0xed4,0xed4,0xed4,0x10e0,0x1120,0x1160,0x11a0,0x11d8,0x1218,0x1258,0x1290,0x12d0,0x1310,
0xa40,0xa80,0xac0,0xaff,0x1a0,0x1a0,0xb3f,0x1a0,0x1a0,0x1a0,0x1a0,0x1a0,0xb77,0xba0,0x1a0,0x1a0,
0x1a0,0x1a0,0x1a0,0x1a0,0x1a0,0x1a0,0x1a0,0xbe0,0x1a0,0xc06,0xc41,0xc81,0xcc1,0xd01,0xd41,0xd81,
0x1a0,0x1a0,0x1a0,0x1a0,0x1a0,0x1a0,0x1a0,0x1a0,0x1a0,0x1a0,0x1a0,0x1a0,0x1a0,0x1a0,0x1a0,0x1a0,
0x1a0,0x1a0,0x1a0,0x1a0,0x1a0,0x1a0,0x1a0,0x1a0,0x1a0,0x1a0,0x1a0,0x1a0,0x1a0,0x1a0,0x1a0,0xdc1,
0x1a0,0x1a0,0x1a0,0x1a0,0x1a0,0x1a0,0x1a0,0x1a0,0x1a0,0x1a0,0x1a0,0x1a0,0x1a0,0x1a0,0x1a0,0x1a0,
0x1a0,0x1a0,0x1a0,0x1a0,0x1a0,0x1a0,0x1a0,0x1a0,0x1a0,0x1a0,0x1a0,0x1a0,0x1a0,0x1a0,0x1a0,0xdc1,
0x1a0,0x1a0,0x1a0,0x1a0,0x1a0,0x1a0,0x1a0,0x1a0,0x1a0,0x1a0,0x1a0,0x1a0,0x1a0,0x1a0,0x1a0,0x1a0,
0x1a0,0x1a0,0x1a0,0x1a0,0x1a0,0x1a0,0x1a0,0x1a0,0x1a0,0x1a0,0x1a0,0x1a0,0x1a0,0x1a0,0x1a0,0xdc1,
0x1a0,0x1a0,0x1a0,0x1a0,0x1a0,0x1a0,0x1a0,0x1a0,0x1a0,0x1a0,0x1a0,0x1a0,0x1a0,0x1a0,0x1a0,0x1a0,
0x1a0,0x1a0,0x1a0,0x1a0,0x1a0,0x1a0,0x1a0,0x1a0,0x1a0,0x1a0,0x1a0,0x1a0,0x1a0,0x1a0,0x1a0,0xdc1,
0x1a0,0x1a0,0x1a0,0x1a0,0x1a0,0x1a0,0x1a0,0x1a0,0x1a0,0x1a0,0x1a0,0x1a0,0x1a0,0x1a0,0x1a0,0x1a0,
0x1a0,0x1a0,0x1a0,0x1a0,0x1a0,0x1a0,0x1a0,0x1a0,0x1a0,0x1a0,0x1a0,0x1a0,0x1a0,0x1a0,0x1a0,0xdc1,
0x1a0,0x1a0,0x1a0,0x1a0,0x1a0,0x1a0,0x1a0,0x1a0,0x1a0,0x1a0,0x1a0,0x1a0,0x1a0,0x1a0,0x1a0,0x1a0,
0x1a0,0x1a0,0x1a0,0x1a0,0x1a0,0x1a0,0x1a0,0x1a0,0x1a0,0x1a0,0x1a0,0x1a0,0x1a0,0x1a0,0x1a0,0xdc1,
0x1a0,0x1a0,0x1a0,0x1a0,0x1a0,0x1a0,0x1a0,0x1a0,0x1a0,0x1a0,0x1a0,0x1a0,0x1a0,0x1a0,0x1a0,0x1a0,
0x1a0,0x1a0,0x1a0,0x1a0,0x1a0,0x1a0,0x1a0,0x1a0,0x1a0,0x1a0,0x1a0,0x1a0,0x1a0,0x1a0,0x1a0,0xdc1,
0x1a0,0x1a0,0x1a0,0x1a0,0x1a0,0x1a0,0x1a0,0x1a0,0x1a0,0x1a0,0x1a0,0x1a0,0x1a0,0x1a0,0x1a0,0x1a0,
0x1a0,0x1a0,0x1a0,0x1a0,0x1a0,0x1a0,0x1a0,0x1a0,0x1a0,0x1a0,0x1a0,0x1a0,0x1a0,0x1a0,0x1a0,0xdc1,
0x1a0,0x1a0,0x1a0,0x1a0,0x1a0,0x1a0,0x1a0,0x1a0,0x1a0,0x1a0,0x1a0,0x1a0,0x1a0,0x1a0,0x1a0,0x1a0,
0x1a0,0x1a0,0x1a0,0x1a0,0x1a0,0x1a0,0x1a0,0x1a0,0x1a0,0x1a0,0x1a0,0x1a0,0x1a0,0x1a0,0x1a0,0xdc1,
0x1a0,0x1a0,0x1a0,0x1a0,0x1a0,0x1a0,0x1a0,0x1a0,0x1a0,0x1a0,0x1a0,0x1a0,0x1a0,0x1a0,0x1a0,0x1a0,
0x1a0,0x1a0,0x1a0,0x1a0,0x1a0,0x1a0,0x1a0,0x1a0,0x1a0,0x1a0,0x1a0,0x1a0,0x1a0,0x1a0,0x1a0,0xdc1,
0x1a0,0x1a0,0x1a0,0x1a0,0x1a0,0x1a0,0x1a0,0x1a0,0x1a0,0x1a0,0x1a0,0x1a0,0x1a0,0x1a0,0x1a0,0x1a0,
0x1a0,0x1a0,0x1a0,0x1a0,0x1a0,0x1a0,0x1a0,0x1a0,0x1a0,0x1a0,0x1a0,0x1a0,0x1a0,0x1a0,0x1a0,0xdc1,
0x1a0,0x1a0,0x1a0,0x1a0,0x1a0,0x1a0,0x1a0,0x1a0,0x1a0,0x1a0,0x1a0,0x1a0,0x1a0,0x1a0,0x1a0,0x1a0,
0x1a0,0x1a0,0x1a0,0x1a0,0x1a0,0x1a0,0x1a0,0x1a0,0x1a0,0x1a0,0x1a0,0x1a0,0x1a0,0x1a0,0x1a0,0xdc1,
0xe01,0xe11,0x1a0,0x1a0,0x1a0,0x1a0,0x1a0,0x1a0,0x1a0,0x1a0,0x1a0,0x1a0,0x1a0,0x1a0,0x1a0,0x1a0,
0x1a0,0x1a0,0x1a0,0x1a0,0x1a0,0x1a0,0x1a0,0x1a0,0x1a0,0x1a0,0x1a0,0x1a0,0x1a0,0x1a0,0x1a0,0xdc1,
0x1a0,0x1a0,0x1a0,0x1a0,0x1a0,0x1a0,0x1a0,0x1a0,0x1a0,0x1a0,0x1a0,0x1a0,0x1a0,0x1a0,0x1a0,0x1a0,
0x1a0,0x1a0,0x1a0,0x1a0,0x1a0,0x1a0,0x1a0,0x1a0,0x1a0,0x1a0,0x1a0,0x1a0,0x1a0,0x1a0,0x1a0,0xdc1,
0x1a0,0x1a0,0x1a0,0x1a0,0x1a0,0x1a0,0x1a0,0x1a0,0x1a0,0x1a0,0x1a0,0x1a0,0x1a0,0x1a0,0x1a0,0x1a0,
0x1a0,0x1a0,0x1a0,0x1a0,0x1a0,0x1a0,0x1a0,0x1a0,0x1a0,0x1a0,0x1a0,0x1a0,0x1a0,0x1a0,0x1a0,0xdc1,
0x3b5,0x3b5,0x3b5,0x3b5,0x3b5,0x3b5,0x3b5,0x3b5,0x9c2,0x3b5,0x68a,0x68a,0x9ca,0x62d,0x3b5,0x522,
0x3b5,0x3b5,0x3b5,0x3b5,0x3b5,0x3b5,0x3b5,0x9d2,0x3b5,0x3b5,0x3b5,0x9d9,0x3b5,0x3b5,0x3b5,0x3b5,
0x3b5,0x3b5,0x3b5,0x3b5,0x3b5,0x3b5,0x3b5,0x3b5,0x3b5,0x3b5,0x3b5,0x3b5,0x3b5,0x3b5,0x3b5,0x3b5,
0x3b5,0x3b5,0x3b5,0x3b5,0x3b5,0x3b5,0x3b5,0x3b5,0x3b5,0x3b5,0x3b5,0x3b5,0x3b5,0x3b5,0x3b5,0x3b5,
0x44a,0x44a,0x44a,0x44a,0x44a,0x44a,0x44a,0x44a,0x9e1,0x44a,0x44a,0x44a,0x44a,0x44a,0x44a,0x44a,
0x9e9,0x9ed,0x44a,0x44a,0x44a,0x44a,0x9fd,0x9f5,0x44a,0xa05,0x44a,0x44a,0xa0d,0xa13,0x44a,0x44a,
0x44a,0x44a,0x44a,0x44a,0x44a,0x44a,0x44a,0x44a,0xa23,0xa1b,0xa33,0xa2b,0x44a,0x44a,0x44a,0x44a,
0x44a,0x44a,0x44a,0xa3b,0x44a,0xa43,0xa4b,0x4b7,0x44a,0xa53,0xa5a,0xa60,0xa68,0xa6c,0xa74,0x44a,
0x529,0xa7c,0xa83,0xa8a,0x42c,0xa92,0x577,0x3b5,0x50f,0xa99,0x3b5,0xa9f,0x42c,0xaa4,0xaac,0x3b5,
0x3b5,0xab1,0x529,0x3b5,0x3b5,0x3b5,0x84b,0xab9,0x42c,0x5b1,0x58c,0xac0,0x3b5,0xac6,0xace,0x542,
0x3b5,0xa7c,0xad6,0x3b5,0x3b5,0xade,0xae6,0x3b5,0x3b5,0x3b5,0x3b5,0x3b5,0x3b5,0xaea,0xaf2,0x3b5,
0x3b5,0xafa,0x58c,0xb02,0x3b5,0xb08,0x3b5,0x3b5,0xb0e,0xb16,0x3b5,0x3b5,0x3b5,0x3b5,0x3b5,0x3b5,
0xb1b,0x3b5,0x3b5,0x3b5,0x3b5,0x3b5,0x3b5,0x3b5,0xb22,0xb2a,0x3b5,0x3b5,0x3b5,0xb2d,0x58c,0xb35,
0xb39,0xb41,0x3b5,0xb48,0x3b5,0x3b5,0x3b5,0x3b5,0x3b5,0x3b5,0xb50,0x3b5,0x3b5,0x3b5,0x3b5,0x3b5,
0xb54,0x3b5,0x3b5,0xb62,0xb5c,0x3b5,0x3b5,0x3b5,0xb6a,0xb0c,0x3b5,0xb72,0x3b5,0x3b5,0x3b5,0x3b5,
0x3b5,0x3b5,0x3b5,0x3b5,0x3b5,0x3b5,0x5b3,0x42c,0x9d9,0xad7,0x3b5,0x3b5,0x3b5,0xb7f,0xb7a,0x3b5,
0x3b5,0x3b5,0x3b5,0x3b5,0x3b5,0x3b5,0x3b5,0x3b5,0x3b5,0x3b5,0x3b5,0x3b5,0x3b5,0x3b5,0x3b5,0x3b5,
0x3b5,0x3b5,0x3b5,0x3b5,0x3b5,0x3b5,0x3b5,0x3b5,0x3b5,0x3b5,0x3b5,0x3b5,0x3b5,0x3b5,0x3b5,0x3b5,
0xb87,0xb8f,0x3b5,0x3b5,0x3b5,0x3b5,0x3b5,0x3b5,0x3b5,0x3b5,0x3b5,0x3b5,0x3b5,0x3b5,0x3b5,0x3b5,
0x3b5,0x3b5,0x3b5,0x3b5,0x3b5,0x3b5,0x3b5,0x3b5,0x3b5,0x3b5,0x3b5,0x3b5,0x3b5,0x3b5,0x3b5,0x8bf,
0xb97,0x3b5,0x3b5,0x3b5,0x3b5,0x3b5,0x3b5,0x3b5,0x3b5,0x3b5,0x3b5,0x3b5,0x3b5,0x3b5,0x3b5,0x3b5,
0x3b5,0x3b5,0x3b5,0x3b5,0x3b5,0x3b5,0x3b5,0x3b5,0x3b5,0x3b5,0x3b5,0x3b5,0x3b5,0x3b5,0x3b5,0x3b5,
0x3b5,0x3b5,0x3b5,0x3b5,0x3b5,0x3b5,0x3b5,0x3b5,0x3b5,0x3b5,0x3b5,0x3b5,0x3b5,0x3b5,0x3b5,0x3b5,
0x3b5,0x3b5,0x3b5,0x3b5,0x3b5,0x3b5,0x3b5,0xb9b,0x3b5,0xba1,0x3b5,0x3b5,0x3b5,0x3b5,0x3b5,0x3b5,
0x3b5,0x3b5,0x3b5,0x3b5,0x3b5,0x3b5,0x3b5,0x3b5,0x3b5,0x3b5,0x3b5,0x3b5,0x3b5,0x3b5,0x3b5,0x3b5,
0x3b5,0x3b5,0x3b5,0x3b5,0x3b5,0x3b5,0x3b5,0x3b5,0x3b5,0x3b5,0xaa0,0x3b5,0xba7,0x3b5,0x3b5,0xbaf,
0x3b5,0x3b5,0x3b5,0x3b5,0x3b5,0x3b5,0x3b5,0x3b5,0x3b5,0x3b5,0x3b5,0x3b5,0x3b5,0x3b5,0x3b5,0x3b5,
0x3b5,0x3b5,0x3b5,0x3b5,0x3b5,0x3b5,0x3b5,0x3b5,0x3b5,0x3b5,0x3b5,0x3b5,0x3b5,0x3b5,0x3b5,0x3b5,
0x3b5,0x3b5,0x3b5,0x3b5,0x543,0xbb7,0x3b5,0x3b5,0x3b5,0x3b5,0x3b5,0x3b5,0x3b5,0x3b5,0x3b5,0x3b5,
0x3b5,0x3b5,0x3b5,0x3b5,0x3b5,0x3b5,0x3b5,0x3b5,0x3b5,0x3b5,0x3b5,0x3b5,0x3b5,0x3b5,0x3b5,0x3b5,
0x3b5,0x3b5,0x3b5,0x3b5,0x3b5,0x3b5,0x68a,0x68a,0x68a,0x68a,0x68a,0x68a,0x86d,0xbbb,0x68a,0x68a,
0x68a,0x68a,0x68a,0x68a,0x68a,0x68a,0x68a,0x68a,0x68a,0x68a,0x68a,0xbc3,0xbca,0xbca,0x403,0xbd2,
0x50e,0x3b5,0x3b5,0x3b5,0x3b5,0x3b5,0x3b5,0x3b5,0x3b5,0x3b5,0x3b5,0x3b5,0xbda,0xbe2,0xbe8,0x3b5,
0xbee,0x68a,0x68a,0xbf6,0x3b5,0x3b5,0x3b5,0x3b5,0x3b5,0x68a,0x68a,0xbfe,0x3b5,0x3b5,0x3b5,0x3b5,
0x3b5,0x3b5,0x3b5,0x3b5,0x3b5,0x3b5,0x3b5,0x3b5,0x3b5,0x3b5,0x3b5,0x3b5,0x3b5,0x3b5,0x3b5,0x3b5,
0x3b5,0x3b5,0x3b5,0x3b5,0x3b5,0x3b5,0x3b5,0xc06,0x3dc,0xc0d,0xc13,0xc09,0x3d7,0xc10,0xc04,0xc1b,
0xc1f,0x3b5,0x3b5,0x3b5,0x3b5,0x3b5,0x3b5,0x3b5,0x3b5,0x3b5,0x3b5,0x3b5,0x3b5,0x3b5,0x3b5,0x3b5,
0x3b5,0x403,0xc27,0x403,0xc2e,0xc35,0xc3d,0x3b5,0x3b5,0x3b5,0x3b5,0x3b5,0x3b5,0x3b5,0x3b5,0x3b5,
0x3b5,0x3b5,0x3b5,0x3b5,0x3b5,0x3b5,0x3b5,0x3b5,0x3b5,0x3b5,0x3b5,0x3b5,0x3b5,0x3b5,0x3b5,0x3b5,
0x3b5,0x3b5,0x3b5,0x3b5,0x3b5,0x3b5,0x3b5,0x3b5,0x3b5,0x3b5,0x3b5,0x3b5,0x3b5,0x3b5,0x3b5,0x3b5,
0x3b5,0xc45,0xc4d,0x3b5,0x3b5,0xaa0,0x3b5,0x3b5,0x3b5,0x3b5,0xba1,0x3b5,0x3b5,0x3b5,0x3b5,0x3b5,
0x3b5,0x3b5,0x3b5,0x3b5,0x3b5,0x3b5,0xada,0x3b5,0xc52,0x3b5,0x3b5,0x3b5,0x3b5,0x3b5,0x3b5,0x3b5,
0x3b5,0x3b5,0x3b5,0x3b5,0x3b5,0x3b5,0x3b5,0x3b5,0xc5a,0x3b5,0x3b5,0x3b5,0x3b5,0x3b5,0x3b5,0x3b5,
0xc5f,0x3b5,0x3b5,0x3b5,0x3b5,0x3b5,0x3b5,0x3b5,0xc67,0x3b5,0x3b5,0x3b5,0x3b5,0x3b5,0x3b5,0x3b5,
0x3b5,0x44a,0x44a,0x44a,0x44a,0x44a,0x44a,0xc6f,0x44a,0xc77,0xc77,0xc7e,0x44a,0x44a,0x44a,0x44a,
0x44a,0x44a,0x44a,0x44a,0x44a,0x44a,0x44a,0x44a,0x44a,0x44a,0x44a,0x44a,0x44a,0x44a,0x44a,0x44a,
0x44a,0x44a,0x44a,0x44a,0x94f,0x4b4,0x4b4,0x44a,0x44a,0x4b4,0x4b4,0xc86,0x44a,0x44a,0x44a,0x44a,
0x44a,0x4b4,0x4b4,0x4b4,0x4b4,0x4b4,0x4b4,0x4b4,0x970,0x44a,0x44a,0x44a,0x44a,0x44a,0x44a,0x44a,
0x44a,0x68a,0xc8e,0x68a,0x68a,0x68d,0xc93,0xc97,0x86d,0xc9f,0x3d7,0x3b5,0xca5,0x3b5,0xcaa,0x3b5,
0x3b5,0x3b5,0x3b5,0x3b5,0x79e,0x3b5,0x3b5,0x3b5,0x3b5,0x68a,0x68a,0x68a,0x68a,0x68a,0x68a,0x68a,
0x68a,0x68a,0x68a,0x68a,0x68a,0x68a,0x68a,0x68a,0x68a,0x68a,0x68a,0x68a,0x68a,0x68a,0x68a,0x68a,
0x68a,0x68a,0x68a,0x68a,0x68a,0x68a,0x68a,0xcb2,0x9ca,0x68a,0x68a,0x68a,0x68a,0x68a,0x68a,0xcb9,
0xcc1,0xc8e,0x68a,0xcc9,0x68a,0xcd1,0xcd6,0xcde,0x3b5,0x68a,0x68a,0x68a,0x68a,0x68a,0x68a,0x68a,
0x68a,0x68a,0x68a,0x68c,0xce6,0xcee,0x68a,0xcf5,0xcfd,0x68a,0x68a,0x68a,0x68a,0xd05,0x68a,0x68a,
0xd0a,0x3b5,0x3b5,0x3b5,0x3b5,0x3b5,0x3b5,0x3b5,0x3b5,0x3b5,0x3b5,0x3b5,0x3b5,0x3b5,0x3b5,0x3b5,
0x3b5,0x3b5,0x3b5,0x3b5,0x3b5,0x3b5,0x3b5,0x3b5,0x3b5,0x3b5,0x3b5,0x3b5,0x3b5,0x3b5,0x3b5,0x3b5,
0xd11,0x3b5,0x3b5,0x3b5,0x3b5,0x3b5,0x3b5,0x3b5,0x3b5,0x3b5,0x3b5,0x3b5,0x3b5,0x3b5,0x3b5,0x3b5,
0x3b5,0x3b5,0x3b5,0x3b5,0x3b5,0x3b5,0x3b5,0x3b5,0x3b5,0x3b5,0x3b5,0x3b5,0x3b5,0x3b5,0x3b5,0x3b5,
0x3b5,0x3b5,0x3b5,0x3b5,0x3b5,0x3b5,0x3b5,0x3b5,0x3b5,0x3b5,0x3b5,0x3b5,0x3b5,0x3b5,0x3b5,0x3b5,
0x3b5,0x3b5,0x3b5,0x3b5,0x3b5,0x3b5,0x3b5,0x3b5,0x3b5,0x3b5,0x3b5,0x3b5,0x3b5,0x3b5,0x3b5,0x3b5,
0xd11,0xd21,0xd19,0xd19,0xd19,0xd22,0xd22,0xd22,0xd22,0x403,0x403,0x403,0x403,0x403,0x403,0x403,
0xd2a,0xd22,0xd22,0xd22,0xd22,0xd22,0xd22,0xd22,0xd22,0xd22,0xd22,0xd22,0xd22,0xd22,0xd22,0xd22,
0xd22,0xd22,0xd22,0xd22,0xd22,0xd22,0xd22,0xd22,0xd22,0xd22,0xd22,0xd22,0xd22,0xd22,0xd22,0xd22,
0xd22,0xd22,0xd22,0xd22,0xd22,0xd22,0xd22,0xd22,0xd22,0xd22,0xd22,0xd22,0xd22,0xd22,0xd22,0xd22,
0xd22,0xd22,0xd22,0xd22,0xd22,0xd22,0xd22,0xd22,0xd22,0xd22,0xd22,0xd22,0xd22,0xd22,0xd22,0xd22,
0xd22,0x394,0x394,0x394,0x12,0x12,0x12,0x12,0x12,0x12,0x12,0x12,0x12,8,7,8,
9,7,0x12,0x12,0x12,0x12,0x12,0x12,0x12,0x12,0x12,0x12,0x12,0x12,0x12,0x12,
7,7,7,8,9,0xa,0xa,4,4,4,0xa,0xa,0x310a,0xf20a,0xa,3,
6,3,6,6,2,2,2,2,2,2,2,2,2,2,6,0xa,
0x500a,0xa,0xd00a,0xa,0xa,0,0,0,0,0,0,0,0,0,0,0,
0,0,0,0,0,0,0,0,0,0,0,0,0,0,0,0x510a,
0xa,0xd20a,0xa,0xa,0xa,0,0,0,0,0,0,0,0,0,0,0,
0,0,0,0,0,0,0,0,0,0,0,0,0,0,0,0x510a,
0xa,0xd20a,0xa,0x12,0,0,0,0,0,0,0,0,0,0,0,0,
0,0,0,0,0,0,0,0,0,0,0,0,0,0,0,0,
0,0,0,0,0,0,0,0,0,0,0,0,0,0,0,0,
0,0,0,0,0,0,0,0,0,0,0,0,0,0,0,0,
0,0,0,0,0x12,0x12,0x12,0x12,0x12,7,0x12,0x12,0x12,0x12,0x12,0x12,
0x12,0x12,0x12,0x12,0x12,0x12,0x12,0x12,0x12,0x12,0x12,0x12,0x12,0x12,0x12,0x12,
0x12,0x12,0x12,0x12,6,0xa,4,4,4,4,0xa,0xa,0xa,0xa,0,0x900a,
0xa,0xb2,0xa,0xa,4,4,2,2,0xa,0,0xa,0xa,0xa,2,0,0x900a,
0xa,0xa,0xa,0xa,0,0,0,0,0,0,0,0,0,0,0,0,
0,0,0,0,0,0,0,0,0,0,0,0xa,0,0,0,0,
0,0,0,0,0,0,0,0,0,0,0,0,0,0,0,0,
0,0,0,0,0,0,0,0,0,0,0,0xa,0,0,0,0,
0,0,0,0,0,0,0,0,0,0,0,0,0,0,0,0,
0,0,0,0,0,0,0,0,0,0,0,0,0,0,0,0,
0,0,0,0,0,0,0,0,0,0,0,0,0,0,0,0,
0,0,0,0,0,0xa,0xa,0,0,0,0,0,0,0,0xa,0xa,
0xa,0xa,0xa,0xa,0xa,0xa,0xa,0xa,0xa,0xa,0xa,0xa,0,0,0xa,0xa,
0xa,0xa,0xa,0xa,0xa,0xa,0xa,0xa,0xa,0xa,0xa,0xa,0,0,0,0,
0,0xa,0xa,0xa,0xa,0xa,0xa,0xa,0xa,0xa,0,0xa,0xa,0xa,0xa,0xa,
0xa,0xa,0xa,0xa,0xa,0xa,0xa,0xa,0xa,0xa,0xa,0xa,0xb1,0xb1,0xb1,0xb1,
0xb1,0xb1,0xb1,0xb1,0xb1,0xb1,0xb1,0xb1,0xb1,0xb1,0xb1,0xb1,0xb1,0xb1,0xb1,0xb1,
0xb1,0xb1,0xb1,0xb1,0xb1,0xb1,0xb1,0xb1,0xb1,0xb1,0xb1,0xb1,0xb1,0xb1,0xb1,0xb1,
0xb1,0xb1,0xb1,0xb1,0xb1,0xb1,0xb1,0xb1,0xb1,0xb1,0xb1,0xb1,0xb1,0xb1,0xb1,0xb1,
0xb1,0xb1,0xb1,0xb1,0xb1,0xb1,0xb1,0xb1,0xb1,0xb1,0xb1,0xb1,0,0,0,0,
0xa,0xa,0,0,0,0,0,0,0,0,0xa,0,0,0,0,0,
0xa,0xa,0,0xa,0,0,0,0,0,0,0,0,0,0,0,0,
0,0,0,0,0,0,0,0,0,0,0,0,0,0,0,0,
0,0,0,0,0,0,0,0,0,0,0,0,0,0,0,0,
0,0,0,0,0,0,0,0,0,0,0,0,0,0,0xa,0,
0,0,0,0,0,0,0,0,0,0,0,0xb1,0xb1,0xb1,0xb1,0xb1,
0xb1,0xb1,0,0,0,0,0,0,0,0,0,0,0,0,0,0,
0,0,0,0,0,0,0,0,0,0,0,0,0,0,0,0,
0,0,0,0,0,0,0,0,0,0,0,0,0,0,0,0,
0,0,0,0,0,0,0,0,0,0,0xa,0,0,0xa,0xa,4,
1,0xb1,0xb1,0xb1,0xb1,0xb1,0xb1,0xb1,0xb1,0xb1,0xb1,0xb1,0xb1,0xb1,0xb1,0xb1,
0xb1,0xb1,0xb1,0xb1,0xb1,0xb1,0xb1,0xb1,0xb1,0xb1,0xb1,0xb1,0xb1,0xb1,0xb1,0xb1,
0xb1,0xb1,0xb1,0xb1,0xb1,0xb1,0xb1,0xb1,0xb1,0xb1,0xb1,0xb1,0xb1,0xb1,1,0xb1,
1,0xb1,0xb1,1,0xb1,0xb1,1,0xb1,1,1,1,1,1,1,1,1,
1,1,1,1,1,1,1,1,1,1,1,1,1,1,1,1,
1,1,1,1,1,1,1,1,1,1,1,1,1,1,1,1,
1,1,1,1,1,1,1,1,1,1,1,1,1,1,1,1,
5,5,5,5,5,5,0xa,0xa,0xd,4,4,0xd,6,0xd,0xa,0xa,
0xb1,0xb1,0xb1,0xb1,0xb1,0xb1,0xb1,0xb1,0xb1,0xb1,0xb1,0xd,0x8ad,0xd,0xd,0xd,
0x4d,0xd,0x8d,0x8d,0x8d,0x8d,0x4d,0x8d,0x4d,0x8d,0x4d,0x4d,0x4d,0x4d,0x4d,0x8d,
0x8d,0x8d,0x8d,0x4d,0x4d,0x4d,0x4d,0x4d,0x4d,0x4d,0x4d,0x4d,0x4d,0x4d,0x4d,0x4d,
0x2d,0x4d,0x4d,0x4d,0x4d,0x4d,0x4d,0x4d,0x8d,0x4d,0x4d,0xb1,0xb1,0xb1,0xb1,0xb1,
0xb1,0xb1,0xb1,0xb1,0xb1,0xb1,0xb1,0xb1,0xb1,0xb1,0xb1,0xb1,0xb1,0xb1,0xb1,0xb1,
5,5,5,5,5,5,5,5,5,5,4,5,5,0xd,0x4d,0x4d,
0xb1,0x8d,0x8d,0x8d,0xd,0x8d,0x8d,0x8d,0x4d,0x4d,0x4d,0x4d,0x4d,0x4d,0x4d,0x4d,
0x8d,0x8d,0x8d,0x8d,0x8d,0x8d,0x8d,0x8d,0x8d,0x8d,0x8d,0x8d,0x8d,0x8d,0x8d,0x8d,
0x8d,0x8d,0x4d,0x4d,0x4d,0x4d,0x4d,0x4d,0x4d,0x4d,0x4d,0x4d,0x4d,0x4d,0x4d,0x4d,
0x4d,0x4d,0x4d,0x4d,0x4d,0x4d,0x4d,0x4d,0x4d,0x4d,0x4d,0x4d,0x4d,0x4d,0x4d,0x4d,
0x4d,0x4d,0x4d,0x4d,0x4d,0x4d,0x4d,0x4d,0x8d,0x4d,0x4d,0x8d,0x8d,0x8d,0x8d,0x8d,
0x8d,0x8d,0x8d,0x8d,0x4d,0x8d,0x4d,0x8d,0x4d,0x4d,0x8d,0x8d,0xd,0x8d,0xb1,0xb1,
0xb1,0xb1,0xb1,0xb1,0xb1,5,0xa,0xb1,0xb1,0xb1,0xb1,0xb1,0xb1,0xd,0xd,0xb1,
0xb1,0xa,0xb1,0xb1,0xb1,0xb1,0x8d,0x8d,2,2,2,2,2,2,2,2,
2,2,0x4d,0x4d,0x4d,0xd,0xd,0x4d,0xd,0xd,0xd,0xd,0xd,0xd,0xd,0xd,
0xd,0xd,0xd,0xd,0xd,0xd,0xd,0xad,0x8d,0xb1,0x4d,0x4d,0x4d,0x8d,0x8d,0x8d,
0x8d,0x8d,0x4d,0x4d,0x4d,0x4d,0x8d,0x4d,0x4d,0x4d,0x4d,0x4d,0x4d,0x4d,0x4d,0x4d,
0x8d,0x4d,0x8d,0x4d,0x8d,0x4d,0x4d,0x8d,0xb1,0xb1,0xb1,0xb1,0xb1,0xb1,0xb1,0xb1,
0xb1,0xb1,0xb1,0xb1,0xb1,0xb1,0xb1,0xb1,0xb1,0xb1,0xb1,0xd,0xd,0x8d,0x4d,0x4d,
0x4d,0x4d,0x4d,0x4d,0x4d,0x4d,0x4d,0x4d,0x4d,0x8d,0x8d,0x8d,0x4d,0x4d,0x4d,0x4d,
0x4d,0x4d,0x4d,0x4d,0x4d,0x4d,0x4d,0x4d,0x4d,0x4d,0x4d,0x8d,0x8d,0x4d,0x4d,0x4d,
0x4d,0x8d,0x4d,0x8d,0x8d,0x4d,0x4d,0x4d,0x8d,0x8d,0x4d,0x4d,0x4d,0x4d,0x4d,0x4d,
0xd,0xd,0xd,0xd,0xd,0xd,0xd,0xd,0xd,0xd,0xd,0xd,0xd,0xd,0xd,0xd,
0xd,0xd,0xd,0xd,0xd,0xd,0xd,0xd,0xd,0xd,0xd,0xd,0xd,0xd,0xd,0xd,
0xd,0xd,0xd,0xd,0xd,0xd,0xb1,0xb1,0xb1,0xb1,0xb1,0xb1,0xb1,0xb1,0xb1,0xb1,
0xb1,0xd,0xd,0xd,0xd,0xd,0xd,0xd,0xd,0xd,0xd,0xd,0xd,0xd,0xd,0xd,
1,1,1,1,1,1,1,1,1,1,0x41,0x41,0x41,0x41,0x41,0x41,
0x41,0x41,0x41,0x41,0x41,0x41,0x41,0x41,0x41,0x41,0x41,0x41,0x41,0x41,0x41,0x41,
0x41,0x41,0x41,0x41,0x41,0x41,0x41,0x41,0x41,0x41,0x41,0xb1,0xb1,0xb1,0xb1,0xb1,
0xb1,0xb1,0xb1,0xb1,1,1,0xa,0xa,0xa,0xa,0x21,1,1,0xb1,1,1,
0xb1,0xb1,0xb1,0xb1,1,0xb1,0xb1,0xb1,1,0xb1,0xb1,0xb1,0xb1,0xb1,1,1,
1,1,1,1,1,1,1,1,1,1,1,1,1,1,1,1,
1,1,1,1,1,1,0xb1,0xb1,0xb1,0xb1,1,0xb1,0xb1,0xb1,0xb1,0xb1,
0x81,0x41,0x41,0x41,0x41,0x41,0x81,0x81,0x41,0x81,0x41,0x41,0x41,0x41,0x41,0x41,
0x41,0x41,0x41,0x41,0x81,0x41,0x81,0x81,0x81,0xb1,0xb1,0xb1,1,1,1,1,
0x4d,0xd,0x4d,0x4d,0x4d,0x4d,0xd,0x8d,0x4d,0x8d,0x8d,0xd,0xd,0xd,0xd,0xd,
0x8d,0x8d,0x8d,0x8d,0x8d,0x8d,0x8d,0x8d,0x8d,0x8d,0x8d,0x8d,0x8d,0x8d,0x8d,0x8d,
0x8d,0x8d,0x8d,0x2d,0x2d,0x2d,0x4d,0xd,0xd,0x4d,0x4d,0x4d,0x4d,0x4d,0x8d,0x4d,
5,5,0xd,0xd,0xd,0xd,0xd,0xb1,0xb1,0xb1,0xb1,0xb1,0xb1,0xb1,0xb1,0xb1,
0xb1,0xb1,5,0xb1,0xb1,0xb1,0xb1,0xb1,0xb1,0xb1,0xb1,0xb1,0xb1,0xb1,0xb1,0xb1,
0xb1,0xb1,0xb1,0xb1,0xb1,0xb1,0xb1,0xb1,0xb1,0xb1,0xb1,0xb1,0xb1,0xb1,0xb1,0xb1,
0x4d,0x4d,0x4d,0x4d,0x4d,0x4d,0x4d,0x4d,0x4d,0x4d,0x8d,0x8d,0x8d,0xd,0x8d,0x4d,
0x4d,0x8d,0x8d,0x4d,0x4d,0x4d,0x4d,0x4d,0x4d,0x8d,0x4d,0x4d,0x4d,0x4d,0x4d,0x4d,
0x4d,0x4d,0x4d,0x4d,0x4d,0xd,0xb1,0xb1,0xb1,0xb1,0xb1,0xb1,0xb1,0xb1,0xb1,0xb1,
0xb1,0xb1,0xb1,0xb1,0xb1,0xb1,0xb1,0xb1,0xb1,0xb1,0xb1,0xb1,0xb1,0xb1,0xb1,0,
0,0,0,0,0,0,0,0,0,0,0,0,0,0,0,0,
0,0,0,0,0,0,0,0,0,0,0,0,0,0,0xb1,0,
0xb1,0,0,0,0,0xb1,0xb1,0xb1,0xb1,0xb1,0xb1,0xb1,0xb1,0,0,0,
0,0xb1,0,0,0,0xb1,0xb1,0xb1,0xb1,0xb1,0xb1,0xb1,0,0,0,0,
0,0,0,0,0,0,0xb1,0xb1,0,0,0,0,0,0,0,0,
0,0,0,0,0,0,0,0,0,0,0,0,0,0,0,0,
0,0,0,0,0,0xb1,0,0,0,0,0,0,0,0,0,0,
0,0,0,0,0,0,0,0,0,0,0,0,0,0,0,0,
0,0,0,0,0xb1,0,0,0,0,0xb1,0xb1,0xb1,0xb1,0,0,0,
0,0,0,0,0,0xb1,0,0,0,0,0,0,0,0,0,0,
0,0,0,0,0,0,0,0,0,0,0xb1,0xb1,0,0,0,0,
0,0,0,0,0,0,0,0,0,0,4,4,0,0,0,0,
0,0,0,4,0,0,0xb1,0,0,0xb1,0xb1,0,0,0,0,0,
0,0,0,0,0,0,0,0,0,0,0,0,0,0,0,0,
0,0,0,0,0,0,0,0,0,0xb1,0xb1,0,0,0,0,0xb1,
0xb1,0,0,0xb1,0xb1,0xb1,0,0,0,0xb1,0,0,0,0,0,0,
0,0,0,0,0,0,0,0,0,0,0,0,0xb1,0xb1,0,0,
0,0xb1,0,0,0,0,0,0,0,0,0,0,0,0xb1,0xb1,0xb1,
0xb1,0xb1,0,0xb1,0xb1,0,0,0,0,0xb1,0,0,0,0,0,0,
0,0,0,0,0,0,0,0,0,0,0,0,0,0,0xb1,0xb1,
0,0,0,0,0,0,0,0,0,0,0,0,0,4,0,0,
0,0,0,0,0,0,0xb1,0xb1,0xb1,0xb1,0xb1,0xb1,0,0,0,0,
0,0,0,0,0,0,0,0,0,0,0,0,0,0,0,0,
0,0,0,0,0,0,0,0,0xb1,0,0,0xb1,0,0xb1,0xb1,0xb1,
0xb1,0,0,0,0,0,0,0,0,0xb1,0,0,0,0,0,0,
0,0xb1,0xb1,0,0,0,0,0,0,0,0,0,0,0,0xb1,0,
0,0,0,0,0,0,0,0,0,0,0,0,0,0,0,0,
0,0,0,0,0,0,0,0,0,0,0,0,0xb1,0,0,0,
0,0,0,0,0,0,0,0,0,0xb1,0,0,0,0,0,0,
0,0,0,0,0,0,0,0,0,0,0,0,0,0,0,0xa,
0xa,0xa,0xa,0xa,0xa,4,0xa,0,0,0,0,0,0xb1,0,0,0,
0xb1,0,0,0,0,0,0,0,0,0,0,0,0,0,0,0,
0,0,0,0,0,0,0,0,0,0,0,0,0,0,0,0,
0xb1,0,0xb1,0xb1,0xb1,0,0,0,0,0,0xb1,0xb1,0xb1,0,0xb1,0xb1,
0xb1,0xb1,0,0,0,0,0,0,0,0xb1,0xb1,0,0,0,0,0,
0,0,0,0,0,0,0xb1,0xb1,0,0,0,0,0,0,0,0,
0,0,0,0,0,0,0,0,0,0,0,0,0xa,0xa,0xa,0xa,
0xa,0xa,0xa,0,0,0,0,0,0,0,0,0,0,0,0,0,
0,0,0,0,0,0,0,0,0,0,0,0,0,0,0,0,
0xb1,0,0,0xa0,0,0,0,0,0,0,0xa0,0,0,0,0,0,
0xb1,0xb1,0,0,0,0,0,0,0,0,0,0,0,0,0,0,
0,0,0,0,0,0,0,0,0,0,0,0,0,0,0,0xb1,
0xb1,0,0,0,0,0,0,0,0,0,0,0,0,0,0xb1,0,
0,0,0,0,0,0,0xb1,0xb1,0xb1,0,0xb1,0,0,0,0,0,
0,0,0,0,0,0,0,0,0,0,0,0,0,0xb1,0,0,
0xb1,0xb1,0xb1,0xb1,0xb1,0xb1,0xb1,0,0,0,0,4,0,0,0,0,
0,0,0,0xb1,0xb1,0xb1,0xb1,0xb1,0xb1,0xb1,0xb1,0,0,0,0,0,
0,0,0,0,0,0,0,0,0,0,0,0,0,0xb1,0,0,
0xb1,0xb1,0xb1,0xb1,0xb1,0xb1,0xb1,0xb1,0xb1,0,0,0,0,0,0,0,
0,0,0,0,0xb1,0xb1,0xb1,0xb1,0xb1,0xb1,0xb1,0,0,0,0,0,
0,0,0,0,0,0,0,0,0,0,0,0,0,0,0,0,
0,0,0,0,0xb1,0xb1,0,0,0,0,0,0,0,0,0,0,
0,0,0,0,0,0,0,0,0,0,0,0,0,0xb1,0,0xb1,
0,0xb1,0x310a,0xf20a,0x310a,0xf20a,0,0,0,0,0,0,0,0,0,0,
0,0,0,0,0,0,0,0,0,0xb1,0xb1,0xb1,0xb1,0xb1,0xb1,0xb1,
0xb1,0xb1,0xb1,0xb1,0xb1,0xb1,0xb1,0,0xb1,0xb1,0xb1,0xb1,0xb1,0,0xb1,0xb1,
0,0,0,0,0,0xb1,0xb1,0xb1,0xb1,0xb1,0xb1,0xb1,0xb1,0xb1,0xb1,0xb1,
0,0xb1,0xb1,0xb1,0xb1,0xb1,0xb1,0xb1,0xb1,0xb1,0xb1,0xb1,0xb1,0xb1,0xb1,0xb1,
0xb1,0xb1,0xb1,0xb1,0xb1,0xb1,0xb1,0xb1,0xb1,0xb1,0xb1,0xb1,0xb1,0xb1,0xb1,0xb1,
0xb1,0,0,0,0,0,0,0,0,0,0,0,0,0,0,0,
0,0xb1,0xb1,0xb1,0xb1,0,0xb1,0xb1,0xb1,0xb1,0xb1,0xb1,0,0xb1,0xb1,0,
0,0xb1,0xb1,0,0,0,0,0,0,0,0,0,0,0,0,0,
0,0,0,0,0,0,0,0,0,0,0,0,0xb1,0xb1,0,0,
0,0,0xb1,0xb1,0xb1,0,0,0,0,0,0,0,0,0,0,0,
0,0,0,0,0,0xb1,0xb1,0xb1,0xb1,0,0,0,0,0,0,0,
0,0,0,0,0,0,0xb1,0,0,0xb1,0xb1,0,0,0,0,0,
0,0xb1,0,0,0,0,0,0,0,0,0,0,0,0,0,0,
0,0xb1,0,0,0,0,0,0,0,0,0,0,0,0,0,0,
0,0,0,0,0,0,0,0,0,0,0,0,0,0,0,0,
0,0xb1,0xb1,0xb1,0,0,0,0,0,0,0,0,0,0,0,0,
0,0,0,0,0xa,0xa,0xa,0xa,0xa,0xa,0xa,0xa,0xa,0xa,0,0,
0,0,0,0,0xa,0,0,0,0,0,0,0,0,0,0,0,
0,0,0,0,0,0,0,0,0,0,0,0,0,0,0,0,
0,0,0,0,9,0,0,0,0,0,0,0,0,0,0,0,
0,0,0,0,0,0,0,0,0,0,0,0,0,0,0,0x310a,
0xf20a,0,0,0,0,0,0,0,0,0,0,0,0,0,0,0,
0,0,0,0,0,0,0xb1,0xb1,0xb1,0,0,0,0,0,0,0,
0,0,0,0,0,0,0,0,0,0,0,0,0,0,0,0,
0xb1,0xb1,0,0xb1,0xb1,0xb1,0xb1,0xb1,0xb1,0xb1,0,0,0,0,0,0,
0,0,0xb1,0,0,0xb1,0xb1,0xb1,0xb1,0xb1,0xb1,0xb1,0xb1,0xb1,0xb1,0xb1,
0,0,0,0,0,0,0,4,0,0xb1,0,0,0x40,0x40,0x40,0x40,
0x40,0x40,0x40,0x40,0x40,0x40,0x40,0x40,0x40,0x40,0x40,0x40,0x40,0x40,0x40,0x40,
0x40,0x40,0x40,0x40,0x40,0x40,0x40,0x40,0x40,0x40,0x40,0x40,0x40,0xb1,0x40,0,
0,0,0,0,0,0,0,0,0,0,0,0,0,0,0,0,
0,0,0,0,0xa,0xa,0xa,0xa,0xa,0xa,0xa,0x4a,0xa,0xa,0x2a,0xb1,
0xb1,0xb1,0x12,0xb1,0,0,0,0,0,0,0,0,0,0,0,0,
0,0,0,0,0x40,0x40,0x40,0x40,0x40,0x40,0x40,0x40,0x40,0x40,0x40,0x40,
0x40,0x40,0x40,0x40,0x40,0x40,0x40,0x40,0x40,0x40,0x40,0x40,0x40,0,0,0,
0,0,0,0,0,0xb1,0xb1,0x40,0x40,0x40,0x40,0x40,0x40,0x40,0x40,0x40,
0x40,0x40,0x40,0x40,0x40,0x40,0x40,0x40,0x40,0x40,0x40,0x40,0x40,0x40,0x40,0x40,
0xb1,0xb1,0xb1,0,0,0,0,0xb1,0xb1,0,0,0,0,0,0,0,
0,0,0xb1,0,0,0,0,0,0,0xb1,0xb1,0xb1,0,0,0,0,
0xa,0,0,0,0xa,0xa,0,0,0,0,0,0,0,0,0,0,
0,0,0,0,0,0,0,0,0,0,0,0,0,0,0,0,
0,0,0,0,0,0,0xa,0xa,0xa,0xa,0xa,0xa,0xa,0xa,0xa,0xa,
0xa,0xa,0xa,0xa,0xa,0xa,0xa,0xa,0xa,0xa,0xa,0xa,0xa,0xa,0xa,0xa,
0xa,0xa,0xa,0xa,0xa,0xa,0xa,0xa,0,0,0,0,0,0,0,0,
0,0,0,0,0,0,0,0,0,0,0,0,0,0,0,0xb1,
0xb1,0,0,0xb1,0,0,0,0,0,0,0,0,0,0,0,0,
0,0,0,0,0,0,0,0,0,0,0xb1,0,0xb1,0xb1,0xb1,0xb1,
0xb1,0xb1,0xb1,0,0xb1,0,0xb1,0,0,0xb1,0xb1,0xb1,0xb1,0xb1,0xb1,0xb1,
0xb1,0,0,0,0,0,0,0xb1,0xb1,0xb1,0xb1,0xb1,0xb1,0xb1,0xb1,0xb1,
0xb1,0,0,0xb1,0,0,0,0,0,0,0,0,0,0,0,0,
0,0,0,0,0xb1,0xb1,0xb1,0xb1,0xb1,0xb1,0xb1,0xb1,0xb1,0xb1,0xb1,0xb1,
0xb1,0xb1,0xb1,0xb1,0,0,0,0,0,0,0,0,0,0,0,0,
0,0,0,0,0,0,0,0,0xb1,0xb1,0xb1,0xb1,0xb1,0xb1,0xb1,0xb1,
0xb1,0xb1,0xb1,0xb1,0xb1,0xb1,0xb1,0xb1,0xb1,0xb1,0xb1,0xb1,0xb1,0xb1,0xb1,0xb1,
0xb1,0xb1,0xb1,0xb1,0xb1,0xb1,0,0,0,0,0,0,0,0,0,0,
0,0,0,0,0,0,0,0,0,0,0,0,0xb1,0,0xb1,0xb1,
0xb1,0xb1,0xb1,0,0xb1,0,0,0,0,0,0,0,0,0,0,0,
0,0,0,0xb1,0xb1,0xb1,0xb1,0xb1,0xb1,0xb1,0xb1,0xb1,0,0,0,0,
0,0,0,0,0,0,0,0,0,0,0xb1,0xb1,0xb1,0xb1,0,0,
0xb1,0xb1,0,0xb1,0xb1,0xb1,0,0,0,0,0,0,0,0,0,0,
0,0,0,0,0,0,0,0,0,0,0xb1,0,0xb1,0xb1,0,0,
0,0xb1,0,0xb1,0xb1,0xb1,0,0,0,0,0,0,0,0,0,0,
0,0,0,0,0xb1,0xb1,0xb1,0xb1,0xb1,0xb1,0xb1,0xb1,0,0,0xb1,0xb1,
0,0,0,0,0,0,0,0,0,0,0,0,0,0,0,0,
0xb1,0xb1,0xb1,0,0xb1,0xb1,0xb1,0xb1,0xb1,0xb1,0xb1,0xb1,0xb1,0xb1,0xb1,0xb1,
0xb1,0,0xb1,0xb1,0xb1,0xb1,0xb1,0xb1,0xb1,0,0,0,0,0xb1,0,0,
0,0,0,0,0xb1,0,0,0,0xb1,0xb1,0,0,0,0,0,0,
0,0,0,0,0,0,0,0,0,0,0,0,0,0,0,0,
0,0,0,0,0,0,0,0,0,0xa,0,0xa,0xa,0xa,0,0,
0,0,0,0,0,0,0,0,0,0xa,0xa,0xa,0,0,0,0,
0,0,0,0,0,0,0,0,0,0xa,0xa,0xa,0,0,0,0,
0,0,0,0,0,0,0,0,0,0xa,0xa,0,0xa,0xa,0xa,0xa,
6,0x310a,0xf20a,0xa,0xa,0xa,0xa,0xa,0xa,0xa,0xa,0xa,0xa,0xa,0xa,0xa,
0xa,0xa,0xa,0xa,0xa,0xa,0xa,0xa,0xa,0xa,0xa,9,0xb2,0xb2,0xb2,0xb2,
0xb2,0x12,0x814,0x815,0x813,0x816,0xb2,0xb2,0xb2,0xb2,0xb2,0xb2,2,0,0,0,
2,2,2,2,2,2,3,3,0xa,0x310a,0xf20a,0,9,9,9,9,
9,9,9,9,9,9,9,0xb2,0x412,0x432,0x8a0,0x8a1,0xa,0xa,0xa,0xa,
0xa,0xa,0xa,0xa,0xa,0xa,0xa,0xa,0xa,0xa,0xa,0xa,9,7,0x8ab,0x8ae,
0x8b0,0x8ac,0x8af,6,4,4,4,4,4,0xa,0xa,0xa,0xa,0x300a,0xf00a,0xa,
0xa,0xa,0xa,0xa,2,2,2,2,2,2,2,2,2,2,3,3,
0xa,0x310a,0xf20a,0,0,0,0,0,0,0,0,0,0,0,0,0,
0,0,0,0,4,4,4,4,4,4,4,4,4,4,4,4,
4,4,4,4,4,4,4,4,4,4,4,4,4,4,4,4,
4,4,4,4,0xb1,0xb1,0xb1,0xb1,0xb1,0xb1,0xb1,0xb1,0xb1,0xb1,0xb1,0xb1,
0xb1,0xb1,0xb1,0xb1,0xa,0xa,0,0xa,0xa,0xa,0xa,0,0xa,0xa,0,0,
0,0,0,0,0,0,0,0,0xa,0,0xa,0xa,0xa,0,0,0,
0,0,0xa,0xa,0xa,0xa,0xa,0xa,0,0xa,0,0xa,0,0xa,0,0,
0,0,4,0,0,0,0,0,0,0,0,0,0,0,0xa,0xa,
0,0,0,0,0x100a,0xa,0xa,0xa,0xa,0,0,0,0,0,0xa,0xa,
0xa,0xa,0,0,0xa,0xa,0xa,0xa,0xa,0xa,0xa,0xa,0xa,0xa,0xa,0xa,
0xa,0xa,0xa,0xa,0,0,0,0,0,0,0,0,0,0xa,0xa,0xa,
0,0,0,0,0xa,0xa,0xa,0xa,0xa,0xa,0xa,0xa,0xa,0xa,0xa,0xa,
0xa,0xa,0xa,0xa,0x300a,0xf00a,0x300a,0xf00a,0x300a,0xf00a,0x300a,0xf00a,0x300a,0xf00a,0x300a,0xf00a,
0x300a,0xf00a,0xa,0xa,0x300a,0xf00a,0x900a,0x900a,0x900a,0x100a,0x900a,0x900a,0x100a,0x100a,0x900a,0x900a,
0x900a,0x900a,0x900a,0x100a,0xa,0x100a,0x100a,0x100a,0x100a,0xa,0xa,0xa,0x700a,0x700a,0x700a,0xb00a,
0xb00a,0xb00a,0xa,0xa,0xa,0x100a,3,4,0xa,0x900a,0x100a,0xa,0xa,0xa,0x100a,0x100a,
0x100a,0x100a,0xa,0x900a,0x900a,0x900a,0x900a,0xa,0x900a,0xa,0x100a,0xa,0xa,0xa,0xa,0x100a,
0x100a,0x100a,0x100a,0x100a,0x100a,0x100a,0x100a,0x100a,0xa,0xa,0xa,0xa,0xa,0x100a,0xa,0x100a,
0x300a,0xf00a,0x100a,0x100a,0x100a,0x100a,0x100a,0x900a,0x100a,0x900a,0x100a,0x100a,0x100a,0x100a,0x100a,0x100a,
0x900a,0xa,0xa,0xa,0xa,0xa,0x300a,0xf00a,0x300a,0xf00a,0xa,0xa,0xa,0xa,0xa,0xa,
0xa,0xa,0xa,0x100a,0x100a,0xa,0x100a,0xa,0x300a,0xf00a,0x300a,0xf00a,0x300a,0xf00a,0x300a,0xf00a,
0xa,0x100a,0x300a,0xf00a,0x300a,0xf00a,0x300a,0xf00a,0x300a,0xf00a,0x300a,0xf00a,0x300a,0xf00a,0x300a,0xf00a,
0x300a,0xf00a,0x300a,0xf00a,0x100a,0xa,0xa,0x300a,0xf00a,0x300a,0xf00a,0xa,0xa,0xa,0xa,0xa,
0x900a,0xa,0xa,0xa,0xa,0xa,0xa,0xa,0xa,0xa,0x300a,0xf00a,0xa,0xa,0x900a,0x100a,
0x900a,0x900a,0x100a,0x900a,0x100a,0x100a,0x100a,0x100a,0x300a,0xf00a,0x300a,0xf00a,0x300a,0xf00a,0x300a,0xf00a,
0x900a,0xa,0xa,0xa,0xa,0xa,0x100a,0x100a,0xa,0xa,0xa,0xa,0xa,0xa,0xa,0xa,
0xa,0x300a,0xf00a,0x300a,0xf00a,0x900a,0xa,0xa,0x300a,0xf00a,0xa,0xa,0xa,0xa,0x300a,0xf00a,
0x300a,0xf00a,0x300a,0xf00a,0x300a,0xf00a,0x300a,0xf00a,0xa,0xa,0xa,0xa,0xa,0xa,0xa,0xa,
0x310a,0xf20a,0x310a,0xf20a,0xa,0xa,0xa,0xa,0xa,0xa,0xa,0xa,0xa,0xa,0xa,0xa,
0xa,0xa,0xa,0xa,0xa,0xa,0xa,0xa,0x100a,0x100a,0xa,0xa,0xa,0xa,0xa,0xa,
0xa,0x310a,0xf20a,0xa,0xa,0xa,0xa,0xa,0xa,0xa,0xa,0xa,0xa,0xa,0,0,
0,0,0,0,0,0,0,0,0,0,0,0,0,0,0,0,
0,0,0,0,0,0,0,0,0,0,0,0xa,0xa,0xa,0xa,0xa,
0xa,0xa,0xa,0xa,0xa,0xa,0xa,0xa,0xa,0xa,0xa,0xa,0xa,0xa,0xa,0xa,
0xa,0,0xa,0xa,0xa,0xa,0xa,0xa,0xa,0xa,0xa,0xa,0xa,0xa,0xa,0,
0,0,0,0,0,0,0,0,0,0,0,0,0,0,0,0,
0,0,0,0,0xa,0xa,0xa,0xa,0xa,0xa,0xa,0xa,2,2,2,2,
2,2,2,2,2,2,2,2,2,2,2,2,2,2,2,2,
0,0,0,0,0xa,0xa,0xa,0xa,0xa,0xa,0xa,0xa,0xa,0xa,0xa,0xa,
0,0xa,0xa,0xa,0xa,0xa,0xa,0xa,0xa,0xa,0xa,0xa,0xa,0xa,0xa,0xa,
0xa,0xa,0xa,0xa,0x310a,0xf20a,0x310a,0xf20a,0x310a,0xf20a,0x310a,0xf20a,0x310a,0xf20a,0x310a,0xf20a,
0x310a,0xf20a,0xa,0xa,0xa,0xa,0xa,0xa,0xa,0xa,0xa,0xa,0x100a,0xa,0xa,0x300a,
0xf00a,0x310a,0xf20a,0xa,0x300a,0xf00a,0xa,0x500a,0x100a,0xd00a,0xa,0xa,0xa,0xa,0xa,0x100a,
0x100a,0x300a,0xf00a,0xa,0xa,0xa,0xa,0xa,0x900a,0x300a,0xf00a,0xa,0xa,0xa,0x300a,0xf00a,
0x300a,0xf00a,0x310a,0xf20a,0x310a,0xf20a,0x310a,0xf20a,0x310a,0xf20a,0x310a,0xf20a,0xa,0xa,0xa,0xa,
0xa,0xa,0xa,0xa,0xa,0xa,0xa,0xa,0xa,0xa,0xa,0xa,0xa,0x100a,0xa,0x100a,
0x100a,0x100a,0xa,0xa,0x300a,0xf00a,0xa,0xa,0xa,0xa,0xa,0xa,0xa,0xa,0xa,0xa,
0x100a,0x900a,0x100a,0x100a,0x300a,0xf00a,0xa,0xa,0x310a,0xf20a,0xa,0xa,0xa,0xa,0xa,0x310a,
0xf20a,0x310a,0xf20a,0x310a,0xf20a,0x310a,0xf20a,0x310a,0xf20a,0x710a,0x320a,0xf10a,0xb20a,0x310a,0xf20a,0x310a,
0xf20a,0x310a,0xf20a,0x310a,0xf20a,0xa,0xa,0x900a,0x100a,0x100a,0x100a,0x100a,0x900a,0xa,0x100a,0x900a,
0x300a,0xf00a,0x100a,0x100a,0x300a,0xf00a,0x300a,0xf00a,0x300a,0xf00a,0x300a,0xf00a,0xa,0xa,0xa,0xa,
0xa,0xa,0xa,0xa,0x900a,0xa,0xa,0xa,0xa,0xa,0xa,0xa,0x300a,0xf00a,0x100a,0x100a,
0x300a,0xf00a,0xa,0xa,0xa,0x100a,0xa,0xa,0xa,0xa,0x100a,0x300a,0xf00a,0x300a,0xf00a,0xa,
0x300a,0xf00a,0xa,0xa,0x310a,0xf20a,0x310a,0xf20a,0x100a,0xa,0xa,0xa,0xa,0xa,0x100a,0x900a,
0x900a,0x900a,0x100a,0xa,0xa,0xa,0xa,0xa,0x300a,0xf00a,0x900a,0xa,0xa,0xa,0xa,0x100a,
0xa,0xa,0xa,0x300a,0xf00a,0x300a,0xf00a,0x100a,0xa,0x100a,0xa,0xa,0xa,0xa,0xa,0xa,
0xa,0xa,0xa,0xa,0xa,0xa,0x100a,0x100a,0x100a,0x100a,0x100a,0x100a,0x100a,0x100a,0x100a,0x100a,
0x100a,0x100a,0x100a,0x100a,0x100a,0x100a,0x100a,0x100a,0x100a,0xa,0x100a,0x100a,0x100a,0x100a,0xa,0xa,
0x100a,0xa,0x100a,0xa,0xa,0x100a,0xa,0x300a,0xf00a,0x300a,0xf00a,0xa,0xa,0xa,0xa,0xa,
0x300a,0xf00a,0xa,0xa,0xa,0xa,0xa,0xa,0x300a,0xf00a,0x100a,0xa,0xa,0xa,0xa,0xa,
0xa,0xa,0xa,0xa,0xa,0xa,0xa,0xa,0xa,0xa,0xa,0xa,0xa,0xa,0xa,0xa,
0xa,0xa,0xa,0x100a,0x100a,0xa,0xa,0xa,0xa,0xa,0xa,0xa,0x300a,0xf00a,0xa,0xa,
0xa,0xa,0x100a,0x100a,0x100a,0x100a,0xa,0x100a,0x100a,0xa,0xa,0x100a,0x100a,0xa,0xa,0xa,
0xa,0x300a,0xf00a,0x300a,0xf00a,0x300a,0xf00a,0x300a,0xf00a,0x300a,0xf00a,0x300a,0xf00a,0x300a,0xf00a,0x300a,
0xf00a,0x300a,0xf00a,0x300a,0xf00a,0x300a,0xf00a,0x300a,0xf00a,0x300a,0xf00a,0x300a,0xf00a,0x300a,0xf00a,0x300a,
0xf00a,0x300a,0xf00a,0x300a,0xf00a,0x300a,0xf00a,0x100a,0xa,0xa,0x300a,0xf00a,0x300a,0xf00a,0x300a,0xf00a,
0x300a,0xf00a,0xa,0x300a,0xf00a,0x300a,0xf00a,0x300a,0xf00a,0x300a,0xf00a,0x300a,0xf00a,0x300a,0xf00a,0x300a,
0xf00a,0x300a,0xf00a,0x300a,0xf00a,0x300a,0xf00a,0x300a,0xf00a,0x300a,0xf00a,0xa,0xa,0xa,0xa,0xa,
0x100a,0xa,0x900a,0xa,0xa,0xa,0xa,0xa,0xa,0xa,0xa,0xa,0xa,0xa,0xa,0xa,
0xa,0xa,0xa,0xa,0xa,0xa,0xa,0xa,0,0,0xa,0xa,0xa,0xa,0xa,0xa,
0xa,0xa,0xa,0xa,0xa,0xa,0xa,0xa,0xa,0xa,0xa,0xa,0xa,0xa,0xa,0xa,
0xa,0xa,0xa,0xa,0xa,0xa,0xa,0xa,0xa,0xa,0x900a,0xa,0,0,0,0,
0,0xa,0xa,0xa,0xa,0xa,0xa,0,0,0,0,0xb1,0xb1,0xb1,0,0,
0,0,0,0,0,0xa,0xa,0xa,0xa,0xa,0xa,0xa,0,0,0,0,
0,0,0,0,0,0,0,0,0,0,0,0,0,0,0,0,
0,0,0,0,0,0,0,0,0,0,0,0xb1,0xa,0xa,0x300a,0xf00a,
0x300a,0xf00a,0xa,0xa,0xa,0x300a,0xf00a,0xa,0x300a,0xf00a,0xa,0xa,0xa,0xa,0xa,0xa,
0xa,0xa,0xa,0xa,0xa,0xa,0xa,0xa,0x300a,0xf00a,0xa,0xa,0x300a,0xf00a,0x310a,0xf20a,
0x310a,0xf20a,0x310a,0xf20a,0x310a,0xf20a,0xa,0xa,0xa,0xa,0xa,0xa,0xa,0xa,0xa,0xa,
0xa,0xa,0xa,0xa,0xa,0xa,0xa,0xa,0xa,0xa,0xa,0xa,0xa,0x310a,0xf20a,0x310a,
0xf20a,0x310a,0xf20a,0x310a,0xf20a,0xa,0,0,0xa,0xa,0xa,0xa,0xa,0xa,0xa,0xa,
0xa,0xa,0xa,0xa,0xa,0xa,0xa,0xa,0xa,0xa,0xa,0xa,0xa,0xa,0xa,0xa,
0xa,0xa,0,0xa,0xa,0xa,0xa,0xa,0xa,0xa,0xa,0xa,0xa,0xa,0xa,0xa,
0xa,0xa,0xa,0xa,0xa,0xa,0xa,0xa,0xa,0xa,0,0,0,0,0,0,
0,0,0,0,0,0,0,0,0,0,0,0,0xa,0xa,0xa,0xa,
0xa,0xa,0xa,0xa,0xa,0xa,0xa,0xa,0xa,0xa,0xa,0xa,0xa,0,0,0,
0,0,0,0,0,0,0xb1,0xb1,0xb1,0xb1,0,0,0xa,0,0,0,
0,0,0xa,0xa,0,0,0,0,0,0xa,0xa,0xa,9,0xa,0xa,0xa,
0xa,0,0,0,0x310a,0xf20a,0x310a,0xf20a,0x310a,0xf20a,0x310a,0xf20a,0x310a,0xf20a,0xa,0xa,
0x310a,0xf20a,0x310a,0xf20a,0x310a,0xf20a,0x310a,0xf20a,0xa,0xa,0xa,0xa,0,0,0,0,
0,0,0,0,0,0,0,0,0,0,0,0,0,0,0,0,
0,0,0,0,0,0xb1,0xb1,0xa,0xa,0,0,0,0xa,0xa,0xa,0xa,
0xa,0xa,0,0,0,0,0,0,0,0,0,0xa,0,0,0,0,
0,0,0,0,0,0,0,0,0,0,0,0,0,0,0,0,
0,0,0,0,0,0,0,0,0xa,0xa,0xa,0,0,0,0,0,
0,0,0,0,0,0,0,0,0,0,0,0,0,0xa,0xa,0xa,
0xa,0xa,0xa,0xa,0xa,0xa,0xa,0xa,0xa,0xa,0xa,0xa,0,0,0,0,
0,0,0,0,0,0,0,0,0xa,0xa,0xa,0xa,0,0,0,0,
0,0,0,0,0,0,0,0,0,0,0,0,0,0,0,0,
0,0,0,0xa,0xa,0xa,0xa,0,0,0,0,0,0,0,0,0,
0,0,0,0,0,0xa,0xa,0xa,0,0,0,0,0,0,0,0,
0,0,0,0,0,0,0,0,0,0,0,0xb1,0xb1,0xb1,0xb1,0xa,
0xb1,0xb1,0xb1,0xb1,0xb1,0xb1,0xb1,0xb1,0xb1,0xb1,0xa,0xa,0,0,0,0,
0,0,0,0,0,0,0,0,0,0,0,0,0,0,0,0,
0,0,0,0,0,0,0,0,0,0,0xb1,0xb1,0,0,0,0,
0,0,0,0,0xa,0,0,0,0,0,0,0,0,0,0,0,
0,0,0,0,0,0,0,0,0,0,0,0,0,0,0xb1,0,
0,0,0xb1,0,0,0,0,0xb1,0,0,0,0,0,0,0,0,
0,0,0,0,0,0,0,0,0,0,0,0,0,0xb1,0xb1,0,
0xa,0xa,0xa,0xa,0xb1,0,0,0,0,0,0,0,0,0,0,0,
4,4,0,0,0,0,0,0,0x40,0x40,0x40,0x40,0x40,0x40,0x40,0x40,
0x40,0x40,0x40,0x40,0x40,0x40,0x40,0x40,0x40,0x40,0x60,0,0xa,0xa,0xa,0xa,
0,0,0,0,0,0,0,0,0xb1,0xb1,0xb1,0xb1,0xb1,0xb1,0xb1,0xb1,
0xb1,0xb1,0xb1,0xb1,0xb1,0xb1,0xb1,0xb1,0xb1,0xb1,0,0,0,0,0,0,
0,0,0,0,0,0,0,0xb1,0,0,0,0,0,0,0xb1,0xb1,
0xb1,0xb1,0xb1,0xb1,0xb1,0xb1,0,0,0,0,0,0,0,0,0,0,
0,0,0,0,0,0,0,0,0,0,0,0xb1,0xb1,0xb1,0xb1,0xb1,
0xb1,0xb1,0xb1,0xb1,0xb1,0xb1,0,0,0,0,0,0,0,0,0,0,
0,0,0,0,0,0,0,0,0,0,0,0xb1,0,0,0xb1,0xb1,
0xb1,0xb1,0,0,0xb1,0xb1,0,0,0,0,0,0,0,0,0,0,
0,0xb1,0xb1,0xb1,0xb1,0xb1,0xb1,0,0,0xb1,0xb1,0,0,0xb1,0xb1,0,
0,0,0,0,0,0,0,0,0,0,0,0xb1,0,0,0,0,
0,0,0,0,0xb1,0,0,0,0,0,0,0,0,0,0,0,
0,0,0,0,0,0,0,0,0xb1,0,0xb1,0xb1,0xb1,0,0,0xb1,
0xb1,0,0,0,0,0,0xb1,0xb1,0,0,0,0,0,0,0,0,
0,0,0,0,0xb1,0xb1,0,0,0,0,0,0,0,0,0xb1,0,
0,0,0,0,0,0,0,0,0,0,0xa,0xa,0,0,0,0,
0,0,0,0,0,0,0,0,0,0,0,0,0,0,0,0,
0,0xb1,0,0,0xb1,0,0,0,0,0xb1,0,0,0,0,0,0,
0,0,0,0,0,0,0,0,0,0,0,0,0xa,0xa,0xa,0xa,
0xa,0xa,0xa,0xa,0xa,0xa,0xa,0xa,0xa,0xa,0xa,0xa,0x11,0x11,0x11,0x11,
0x11,0x11,0x11,0x11,0x11,0x11,0x11,0x11,0x11,0x11,0x11,0x11,0,0,0xd,1,
0x11,0x11,0x11,0x11,0x11,0x11,0x11,0x11,0x11,0x11,0x11,0x11,0x11,0x11,0x11,0x11,
0x11,0x11,0x11,0x11,0x11,0x11,1,1,1,1,1,0x11,4,2,0,0,
0,0,0,0,0,0,0,0,0,0xa,0xa,0xa,0xa,0xa,0,0,
0xa,0xa,0xa,0xa,0,0xa,0xa,0xa,0xa,0xa,0xa,0xa,0xa,0,0,0,
0,0,0,0,0,0,0,0,0,0,0,0,0,0,0,0,
0,0,0,0xa,0xa,0xa,0xa,0xa,0xa,0xa,0xa,0xa,1,1,1,1,
1,1,1,1,1,3,1,1,1,1,1,1,1,1,1,1,
1,1,1,1,1,1,1,1,1,1,1,1,0xd,0xd,0xd,0xd,
0xd,0xd,0xd,0xd,0xd,0xd,0xd,0xd,0xd,0xd,0xd,0xd,0,0,0,0,
0,0,0,0,0,0,0,0,0,0,0,0,0,0,0,0,
0,0,0,0,0,0,0,0,0,1,0xb1,1,0xd,0xd,0xd,0xa,
0xa,0xa,0xa,0xa,0xa,0xa,0xa,0xa,0xa,0xa,0xa,0xa,0xa,0xa,0xa,0xd,
0xd,0xd,0xd,0xd,0xd,0xd,0xd,0xd,0xd,0xd,0xd,0xd,0xd,0xd,0xd,0xd,
0xd,0xd,0xd,0xd,0xd,0xd,0xd,0xd,0xd,0xd,0xd,0xd,0xd,0xd,0xa,0xa,
0xa,0xa,0xa,0xa,0xa,0xa,0xa,0xa,0xa,0xa,0xa,0xa,0xa,0xa,0xa,0xa,
0xd,0xd,0xd,0xd,0xd,0xd,0xd,0xd,0xd,0xd,0xd,0xd,0xd,0xd,0xd,0xd,
0xa,0xa,0xd,0xd,0xd,0xd,0xd,0xd,0xd,0xd,0xd,0xd,0xd,0xd,0xd,0xd,
0xa,0xa,0xa,0xa,0xa,0xa,0xa,0xa,0x12,0x12,0x12,0x12,0x12,0x12,0x12,0x12,
0x12,0x12,0x12,0x12,0x12,0x12,0x12,0x12,0xd,0xd,0xd,0xd,0xd,0xd,0xd,0xd,
0xd,0xd,0xd,0xd,0xd,0xa,0xa,0xa,0xb1,0xb1,0xb1,0xb1,0xb1,0xb1,0xb1,0xb1,
0xb1,0xb1,0xb1,0xb1,0xb1,0xb1,0xb1,0xb1,0xa,0xa,0xa,0xa,0xa,0xa,0xa,0xa,
0xa,0xa,0,0,0,0,0,0,0xb1,0xb1,0xb1,0xb1,0xb1,0xb1,0xb1,0xb1,
0xb1,0xb1,0xb1,0xb1,0xb1,0xb1,0xb1,0xb1,0xa,0xa,0xa,0xa,0xa,0xa,0xa,0xa,
0xa,0xa,0xa,0xa,0xa,0xa,0xa,0xa,6,0xa,6,0,0xa,6,0xa,0xa,
0xa,0x310a,0xf20a,0x310a,0xf20a,0x310a,0xf20a,4,0xa,0xa,3,3,0x300a,0xf00a,0xa,0,
0xa,4,4,0xa,0,0,0,0,0xd,0xd,0xd,0xd,0xd,0xd,0xd,0xd,
0xd,0xd,0xd,0xd,0xd,0xd,0xd,0xd,0xd,0xd,0xd,0xd,0xd,0xd,0xd,0xd,
0xd,0xd,0xd,0xd,0xd,0xd,0xd,0xb2,0,0xa,0xa,4,4,4,0xa,0xa,
0x310a,0xf20a,0xa,3,6,3,6,6,2,2,2,2,2,2,2,2,
2,2,6,0xa,0x500a,0xa,0xd00a,0xa,0xa,0,0,0,0,0,0,0,
0,0,0,0,0,0,0,0,0,0,0,0,0,0,0,0,
0,0,0,0x510a,0xa,0xd20a,0xa,0x310a,0xf20a,0xa,0x310a,0xf20a,0xa,0xa,0,0,
0,0,0,0,0,0,0,0,0,0,0,0,0,0,0,0,
0,0,0,0,0,0,0,0,4,4,0xa,0xa,0xa,4,4,0,
0xa,0xa,0xa,0xa,0xa,0xa,0xa,0,0x12,0x12,0x12,0x12,0x12,0x12,0x12,0x12,
0x12,0xaa,0xaa,0xaa,0xa,0xa,0x12,0x12,0,0xa,0,0,0,0,0,0,
0,0,0,0,0,0,0,0,0,0,0,0,0,0,0,0,
0,0,0,0,0,0,0,0,0xa,0xa,0xa,0xa,0xa,0xa,0xa,0xa,
0xa,0xa,0xa,0xa,0xa,0,0,0,0xa,0xa,0xa,0xa,0xa,0xa,0xa,0xa,
0xa,0xa,0xa,0xa,0xa,0,0,0,0xb1,2,2,2,2,2,2,2,
2,2,2,2,2,2,2,2,2,2,2,2,2,2,2,2,
2,2,2,2,0,0,0,0,0,0,0,0,0,0,0,0,
0,0,0,0,0,0,0,0,0,0,0xb1,0xb1,0xb1,0xb1,0xb1,0,
0,0,0,0,1,1,1,1,1,1,1,1,1,1,1,1,
1,1,1,1,1,1,1,1,1,1,1,1,1,1,1,1,
1,1,1,0xa,1,0xb1,0xb1,0xb1,1,0xb1,0xb1,1,1,1,1,1,
0xb1,0xb1,0xb1,0xb1,1,1,1,1,1,1,1,1,1,1,1,1,
1,1,1,1,1,1,1,1,1,1,1,1,0xb1,0xb1,0xb1,1,
1,1,1,0xb1,0x41,0x81,1,1,0x81,0xb1,0xb1,1,1,1,1,0x41,
0x41,0x41,0x41,0x81,1,1,1,1,1,1,1,1,1,1,1,1,
1,1,1,1,0x41,0x41,0x41,0x41,0x41,0x81,1,0x81,1,0x81,0x81,1,
1,0x61,0x81,0x81,0x81,0x81,0x81,0x41,0x41,0x41,0x41,0x61,0x41,0x41,0x41,0x41,
0x41,0x81,0x41,0x41,1,1,1,1,1,1,1,1,1,1,1,1,
1,1,1,1,1,1,1,1,1,1,1,1,1,0xa,0xa,0xa,
0xa,0xa,0xa,0xa,0x41,0x81,0x41,0x81,0x81,0x81,0x41,0x41,0x41,0x81,0x41,0x41,
0x81,0x41,0x81,0x81,0x41,0x81,1,1,1,1,1,1,1,1,1,1,
1,1,1,1,1,0x81,0x81,0x81,0x81,0x41,0x41,1,1,1,1,1,
1,1,1,1,1,1,1,1,1,1,1,1,0x4d,0x4d,0x8d,0x4d,
0xb1,0xb1,0xb1,0xb1,0xd,0xd,0xd,0xd,0xd,0xd,0xd,0xd,5,5,5,5,
5,5,5,5,5,5,0xd,0xd,0xd,0xd,0xd,0xd,0x6d,0x4d,0x4d,0x4d,
0x4d,0x4d,0x4d,0x4d,0x4d,0x4d,0x4d,0x4d,0x4d,0x4d,0x4d,0x4d,0x4d,0x4d,0x4d,0x4d,
0x4d,0x4d,0x4d,0x4d,0x4d,0x4d,0x4d,0x4d,0x4d,0x4d,0x4d,0x4d,1,1,1,1,
1,1,1,1,1,0xb1,0xb1,0xb1,0xb1,0xb1,0xa,1,1,1,1,1,
1,1,1,1,1,1,1,1,1,1,1,1,5,5,5,5,
5,5,5,5,5,5,1,1,1,1,1,1,1,1,1,1,
1,1,1,1,1,1,1,1,1,1,1,1,5,5,5,5,
5,5,5,5,5,5,5,5,5,5,5,5,5,5,5,5,
5,5,5,5,5,5,5,5,5,5,5,1,1,1,1,1,
1,1,1,1,1,1,1,0xb1,0xb1,1,1,1,1,1,1,1,
1,1,1,1,1,1,1,1,1,1,1,1,0xd,0xd,0x8d,0x4d,
0x4d,0xd,0x4d,0x4d,0xd,0xd,0xd,0xd,0xd,0xd,0xd,0xd,0xa,0xa,0xa,0xa,
0xa,0xa,0xa,0xa,0xa,0xd,0xd,0xd,0xd,0xd,0xd,0xd,1,1,1,1,
1,1,1,1,1,1,1,1,1,1,1,1,0x4d,0x4d,0x4d,0x8d,
0x4d,0x4d,0x4d,0x4d,0x4d,0x4d,0x4d,0x4d,0x4d,0x4d,0x4d,0x4d,0x4d,0xd,0xb1,0xb1,
0xb1,0xb1,0xb1,0xb1,0xb1,0xb1,0xb1,0xb1,0xb1,0x4d,0x4d,0x4d,0x8d,0xd,0xd,0xd,
0xd,0xd,0xd,0xd,0xd,0xd,0xd,0xd,0xd,0xd,0xd,0xd,0xd,0xd,0xd,0xd,
0x41,0x41,0x41,0x41,0x81,0x81,0x41,0x41,0x41,0x41,0x41,0x41,0x41,0x41,0x41,0x41,
0x41,0x41,0xb1,0xb1,0xb1,0xb1,1,1,1,1,1,1,1,1,1,1,
1,1,1,1,1,1,1,1,1,1,1,1,1,1,1,1,
0x41,1,0x41,0x41,0x81,0x81,0x81,1,0x41,0x81,0x81,0x41,0x41,0x81,0x41,0x41,
1,0x41,0x81,0x81,0x41,1,1,1,1,0x81,0x41,0x61,1,1,1,1,
1,1,1,1,1,1,1,1,1,1,1,1,1,1,1,1,
0,0,0,0,0,0,0,0,0,0,0,0,0,0,0,0,
0,0,0,0,0,0,0,0,0xb1,0xb1,0xb1,0xb1,0xb1,0xb1,0xb1,0xb1,
0xb1,0xb1,0xb1,0,0,0,0,0,0,0,0,0,0,0,0xa,0xa,
0xa,0xa,0xa,0xa,0xa,0xa,0xa,0xa,0xa,0xa,0xa,0xa,0xa,0xa,0,0,
0,0,0,0,0,0,0,0,0xb1,0,0,0xb1,0xb1,0,0,0,
0,0,0,0,0,0,0,0xb1,0,0,0,0,0,0,0,0,
0,0,0,0,0,0,0,0,0,0,0,0xb1,0xb1,0xb1,0xb1,0,
0,0xb1,0xb1,0,0,0,0,0,0,0,0,0xb1,0xb1,0xb1,0xb1,0xb1,
0,0xb1,0xb1,0xb1,0xb1,0xb1,0xb1,0xb1,0xb1,0,0,0,0,0,0,0,
0,0,0,0,0,0,0,0,0,0,0,0,0,0,0,0xb1,
0,0,0,0,0,0,0,0,0,0,0,0,0,0,0,0,
0,0,0,0,0,0,0xb1,0xb1,0xb1,0xb1,0xb1,0xb1,0xb1,0xb1,0xb1,0,
0,0,0,0,0,0,0,0,0,0xb1,0xb1,0xb1,0xb1,0,0,0xb1,
0,0,0,0,0,0,0,0,0,0,0,0,0,0,0,0,
0,0,0,0xb1,0xb1,0xb1,0,0,0xb1,0,0xb1,0xb1,0,0,0,0,
0,0,0xb1,0,0,0,0,0xb1,0xb1,0xb1,0xb1,0xb1,0xb1,0xb1,0xb1,0,
0,0,0,0,0,0,0,0,0,0,0,0,0,0,0,0,
0,0,0,0,0,0,0xb1,0xb1,0xb1,0xb1,0xb1,0xb1,0xb1,0,0,0,
0xb1,0xb1,0xb1,0xb1,0xb1,0,0,0,0,0,0,0,0,0,0,0,
0,0,0,0,0,0,0,0,0,0,0,0,0,0,0,0,
0,0,0,0xb1,0xb1,0xb1,0xb1,0xb1,0xb1,0,0,0,0,0,0,0,
0,0,0,0,0,0,0xb1,0,0xb1,0,0xb1,0,0,0,0,0,
0,0,0,0,0,0,0,0,0,0,0xb1,0xb1,0xb1,0,0xb1,0,
0,0,0,0,0,0,0,0,0,0,0,0,0,0,0,0,
0,0,0,0,0,0,0xb1,0,0,0,0,0,0,0,0,0,
0,0,0,0,0,0,0,0,0,0,0,0xb1,0xb1,0xb1,0xb1,0xb1,
0xb1,0,0xb1,0,0,0,0,0xb1,0xb1,0,0xb1,0xb1,0,0,0,0,
0,0,0,0,0,0,0,0,0,0,0,0,0,0,0,0,
0,0,0,0,0,0,0,0,0,0,0xb1,0xb1,0xb1,0xb1,0,0,
0,0,0,0,0xb1,0xb1,0,0xb1,0xb1,0,0,0,0,0,0,0,
0,0,0,0,0,0,0,0,0,0,0,0,0,0,0,0,
0,0,0,0,0xb1,0xb1,0,0,0,0,0,0,0,0,0,0,
0,0,0,0,0,0,0,0,0,0,0,0xb1,0xb1,0xb1,0xb1,0xb1,
0xb1,0xb1,0xb1,0,0,0xb1,0,0xb1,0xa,0xa,0xa,0xa,0xa,0xa,0xa,0xa,
0xa,0xa,0xa,0xa,0xa,0,0,0,0,0,0,0,0,0,0,0,
0,0,0,0,0,0,0,0,0,0,0,0xb1,0,0xb1,0,0,
0xb1,0xb1,0xb1,0xb1,0xb1,0xb1,0,0xb1,0,0,0,0,0,0,0,0,
0,0,0,0,0,0,0,0,0,0,0,0,0,0,0,0,
0,0,0,0,0,0xb1,0,0xb1,0,0,0xb1,0xb1,0xb1,0xb1,0,0xb1,
0xb1,0xb1,0xb1,0xb1,0,0,0,0,0,0,0,0,0,0,0,0,
0,0,0,0,0,0,0,0,0,0,0,0xb1,0xb1,0xb1,0xb1,0xb1,
0xb1,0xb1,0xb1,0xb1,0,0xb1,0xb1,0,0,0,0,0,0,0,0,0,
0,0,0,0,0,0,0,0,0,0,0,0,0,0,0,0,
0,0,0,0xb1,0xb1,0,0xb1,0,0,0,0,0xb1,0,0,0,0,
0,0,0,0,0,0,0,0,0,0,0,0,0,0,0,0,
0,0,0,0,0,0,0,0,0xb1,0xb1,0xb1,0xb1,0,0,0xb1,0xb1,
0,0,0,0,0,0xb1,0xb1,0xb1,0xb1,0xb1,0xb1,0xa0,0xa0,0xb1,0xb1,0,
0,0,0,0,0,0,0,0,0,0,0,0,0,0,0,0,
0,0,0,0,0,0,0,0xb1,0xb1,0xb1,0xb1,0xb1,0xb1,0,0,0xb1,
0xb1,0xb1,0xb1,0,0,0,0,0,0,0,0,0xb1,0,0,0,0,
0,0,0,0,0,0xb1,0xb1,0xb1,0xb1,0xb1,0xb1,0,0,0xb1,0xb1,0xb1,
0,0,0,0,0,0,0,0,0,0,0xb1,0xb1,0xb1,0xb1,0xb1,0xb1,
0xb1,0xb1,0xb1,0xb1,0xb1,0xb1,0xb1,0,0xb1,0xb1,0,0,0,0,0,0,
0xb1,0,0xb1,0xb1,0xb1,0,0xb1,0,0,0,0,0,0,0,0,0,
0,0,0,0,0,0,0,0,0,0,0,0,0,0,0,0,
0xb1,0xb1,0xb1,0xb1,0xb1,0xb1,0xb1,0,0xb1,0xb1,0xb1,0xb1,0xb1,0xb1,0,0xa0,
0xb1,0xb1,0xb1,0xb1,0xb1,0xb1,0xb1,0xb1,0,0,0xb1,0xb1,0xb1,0xb1,0xb1,0xb1,
0xb1,0,0xb1,0xb1,0,0xb1,0xb1,0,0,0,0,0,0,0,0,0,
0,0,0,0,0,0,0,0,0,0,0xb1,0xb1,0xb1,0xb1,0xb1,0xb1,
0xb1,0xb1,0xb1,0xb1,0xb1,0xb1,0xb1,0xb1,0,0,0,0,0,0,0,0,
0,0,0,0,0,0,0,0,0,0xb1,0xb1,0xb1,0xb1,0xb1,0xb1,0,
0,0,0xb1,0,0xb1,0xb1,0,0xb1,0,0,0,0,0,0,0,0,
0,0,0,0,0,0,0,0,0xb1,0xb1,0,0,0,0xb1,0,0xb1,
0,0,0,0,0,0,0,0,4,0xa,0xa,0xa,0xa,0xa,0xa,0xa,
0xa,0xa,0xa,0xa,0xa,0xa,0xa,0xa,0xa,0xa,0,0,0,0,0,0,
0,0,0,0,0,0,0,0,0,0,0,0,0,0,0,0,
0,0xa,0xa,0xa,0xa,0xa,0xa,0xa,0xa,4,4,4,0,0,0,0,
0,0,0,0,0,0,0,0,0,0,0,0,0xa0,0xa0,0xa0,0xa0,
0xa0,0xa0,0xa0,0xa0,0xa0,0xa0,0xa0,0xa0,0xa0,0xa0,0xa0,0xa0,0xb1,0,0,0,
0,0,0,0xb1,0xb1,0xb1,0xb1,0xb1,0xb1,0xb1,0xb1,0xb1,0xb1,0xb1,0xb1,0xb1,
0xb1,0xb1,0,0,0,0,0,0,0,0,0,0,0xb1,0xb1,0xb1,0xb1,
0xb1,0xb1,0xb1,0xb1,0xb1,0xb1,0,0,0,0xb1,0xb1,0xb1,0,0,0,0,
0,0,0,0,0,0,0,0,0,0,0,0,0xb1,0xb1,0xb1,0xb1,
0xb1,0,0,0,0,0,0,0,0,0,0,0,0,0,0,0,
0,0,0,0,0xb1,0xb1,0xb1,0xb1,0xb1,0xb1,0xb1,0,0,0,0,0,
0,0,0,0,0,0,0,0,0,0,0,0xb1,0xb1,0xb1,0xb1,0,
0,0,0,0,0,0,0,0,0,0,0,0,0,0,0xa,0,
0xb1,0,0,0,0,0,0,0,0,0,0,0,0,0,0,0,
0,0,0,0,0,0,0,0,0,0,0,0,0xb2,0xb2,0xb2,0xb2,
0,0,0,0,0,0,0,0,0,0,0,0,0,0,0,0,
0,0,0,0,0,0,0,0,0,0,0,0,2,2,2,2,
2,2,2,2,2,2,0xa,0xa,0xa,0,0,0,0xa,0xa,0xa,0xa,
0xa,0xa,0xa,0xa,0xa,0xa,0xa,0xa,0xa,0xa,0xa,0xa,0xa,0xa,0xa,0xa,
0,0,0,0,0,0,0xa,0xa,0xa,0xa,0xa,0xa,0xa,0xa,0xa,0xa,
0xa,0xa,0xa,0xa,0xa,0xa,0xa,0xa,0xa,0,0,0,0,0,0,0,
0,0,0,0,0,0,0,0,0xb1,0xb1,0xb1,0xb1,0xb1,0xb1,0xb1,0xb1,
0xb1,0xb1,0xb1,0xb1,0xb1,0xb1,0,0,0xb1,0xb1,0xb1,0xb1,0xb1,0xb1,0xb1,0xb1,
0xb1,0xb1,0xb1,0xb1,0xb1,0xb1,0xb1,0xb1,0,0,0,0,0,0,0,0xb1,
0xb1,0xb1,0,0,0,0,0,0,0,0,0,0xb2,0xb2,0xb2,0xb2,0xb2,
0xb2,0xb2,0xb2,0xb1,0xb1,0xb1,0xb1,0xb1,0xb1,0xb1,0xb1,0,0,0xb1,0xb1,0xb1,
0xb1,0xb1,0xb1,0xb1,0,0,0,0,0,0,0,0,0,0,0,0,
0,0,0,0,0,0,0,0,0,0,0xb1,0xb1,0xb1,0xb1,0,0,
0,0,0,0,0,0,0,0,0,0,0,0,0,0,0,0,
0,0xa,0xa,0,0,0,0,0,0,0,0,0,0,0,0,0,
0,0,0,0,0,0,0,0,0xa,0xa,0xb1,0xb1,0xb1,0xa,0,0,
0,0,0,0,0,0,0,0,0,0,0,0,0,0,0,0,
0,0,0,0,0,0,0,0,0xa,0xa,0xa,0xa,0xa,0xa,0xa,0xa,
0xa,0xa,0xa,0xa,0xa,0xa,0xa,0xa,0xa,0xa,0xa,0xa,0xa,0xa,0xa,0,
0,0,0,0,0,0,0,0,0,0xa,0,0,0,0,0,0,
0,0,0,0,0,0,0,0,0,0,0,0,0,0,0,0,
0,0,0,0x100a,0,0,0,0,0,0,0,0,0,0,0,0,
0,0,0,0,0,0,0,0,0,0x100a,0,0,0,0,0,0,
0,0,0,0,0,0,0,0,0,0,0,0,0,0,0,0,
0,0xa,0,0,0,0,0,0,0,0,0,0,0,0,0,0x100a,
0,0,0,0,0,0,0,0,0,0,2,2,2,2,2,2,
2,2,2,2,2,2,2,2,2,2,2,2,2,2,2,2,
2,2,2,2,2,2,2,2,2,2,2,2,0xb1,0xb1,0xb1,0xb1,
0xb1,0xb1,0xb1,0xb1,0xb1,0xb1,0xb1,0xb1,0xb1,0xb1,0xb1,0xb1,0xb1,0xb1,0xb1,0xb1,
0xb1,0xb1,0xb1,0,0,0,0,0xb1,0xb1,0xb1,0xb1,0xb1,0xb1,0xb1,0xb1,0xb1,
0xb1,0xb1,0xb1,0xb1,0xb1,0,0,0,0,0,0,0,0,0xb1,0,0,
0,0,0,0,0,0,0,0,0xb1,0,0,0,0,0,0,0,
0,0,0,0,0,0,0,0,0,0,0,0,0,0,0,0xb1,
0xb1,0xb1,0xb1,0xb1,0,0xb1,0xb1,0xb1,0xb1,0xb1,0xb1,0xb1,0xb1,0xb1,0xb1,0xb1,
0xb1,0xb1,0xb1,0xb1,0,0,0,0,0,0,0,0,0,0,0,0,
0,0,0,0,0xb1,0xb1,0xb1,0xb1,0xb1,0xb1,0xb1,0,0xb1,0xb1,0xb1,0xb1,
0xb1,0xb1,0xb1,0xb1,0xb1,0xb1,0xb1,0xb1,0xb1,0xb1,0xb1,0xb1,0xb1,0,0,0xb1,
0xb1,0xb1,0xb1,0xb1,0xb1,0xb1,0,0xb1,0xb1,0,0xb1,0xb1,0xb1,0xb1,0xb1,0,
0,0,0,0,0,0,0,0,0,0,0,0,0,0,0,0,
0,0,0,0,0xb1,0xb1,0xb1,0xb1,0,0,0,0,0,0,0,0,
0,0,0,0,0,0,0,4,0,0,0,0,0,0,0,0,
0,0,0,0,0xb1,0xb1,0xb1,0xb1,0,0,0,0,0,0,0,0,
0,0,0,0,0,0,0,0,0,0,0xb1,0xb1,0,0,0,0,
0,0,0,0,0,0,0,0,0,0,0,0,0,0,0,0xb1,
0,0,0xb1,0,0,0,0,0,0,0,0xb1,0xb1,0,0,0,0,
0,0xb1,0,0,0,0,0,0,0,0,0,0,1,1,1,1,
1,1,1,1,1,1,1,1,1,1,1,1,0xb1,0xb1,0xb1,0xb1,
0xb1,0xb1,0xb1,1,1,1,1,1,1,1,1,1,0x41,0x41,0x41,0x41,
0x41,0x41,0x41,0x41,0x41,0x41,0x41,0x41,0x41,0x41,0x41,0x41,0x41,0x41,0x41,0x41,
0x41,0x41,0x41,0x41,0x41,0x41,0x41,0x41,0x41,0x41,0x41,0x41,0xb1,0xb1,0xb1,0xb1,
0xb1,0xb1,0xb1,0xa1,1,1,1,1,1,1,1,1,1,1,1,1,
1,1,1,1,1,1,1,1,0xd,0xd,0xd,0xd,0xd,0xd,0xd,0xd,
0xd,0xd,0xd,0xd,0xd,0xd,0xd,0xd,1,1,1,1,1,1,1,1,
1,1,1,1,1,1,1,1,0xa,0xa,0xa,0xa,0xa,0xa,0xa,0xa,
0xa,0xa,0xa,0xa,0,0,0,0,0xa,0xa,0xa,0xa,0xa,0xa,0xa,0xa,
0xa,0xa,0xa,0xa,0xa,0xa,0xa,0xa,0xa,0xa,0xa,0,0,0xa,0xa,0xa,
0xa,0xa,0xa,0xa,0xa,0xa,0xa,0xa,0xa,0xa,0xa,0xa,0,0xa,0xa,0xa,
0xa,0xa,0xa,0xa,0xa,0xa,0xa,0xa,0xa,0xa,0xa,0xa,2,2,2,2,
2,2,2,2,2,2,2,0xa,0xa,0xa,0xa,0xa,0,0,0,0,
0,0,0,0,0,0,0,0,0,0,0,0,0,0,0xa,0xa,
0xa,0xa,0xa,0xa,0,0,0,0,0,0,0,0,0,0,0,0,
0,0,0,0,0,0xa,0,0,0,0,0,0,0,0,0,0,
0,0,0,0,0,0,0,0,0xa,0xa,0xa,0xa,0xa,0xa,0xa,0xa,
0xa,0xa,0xa,0xa,0xa,0xa,0xa,0xa,0xa,0xa,0xa,0xa,0xa,0xa,0xa,0xa,
0xa,0,0,0,0xa,0xa,0xa,0xa,0xa,0xa,0xa,0xa,0xa,0xa,0xa,0xa,
0xa,0xa,0xa,0xa,0xa,0xa,0xa,0xa,0xa,0xa,0xa,0xa,0xa,0xa,0,0,
0,0,0,0,0xa,0xa,0xa,0xa,0xa,0xa,0xa,0xa,0xa,0xa,0xa,0xa,
0,0,0,0,0xa,0,0,0,0,0,0,0,0,0,0,0,
0,0,0,0,0xa,0xa,0xa,0xa,0xa,0xa,0xa,0xa,0,0,0,0,
0,0,0,0,0xa,0xa,0xa,0xa,0xa,0xa,0xa,0xa,0xa,0xa,0,0,
0,0,0,0,0xa,0xa,0xa,0xa,0xa,0xa,0xa,0xa,0,0,0,0,
0,0,0,0,0xa,0xa,0xa,0xa,0xa,0xa,0xa,0xa,0xa,0xa,0xa,0xa,
0xa,0xa,0xa,0xa,0xa,0xa,0,0,0xa,0xa,0xa,0xa,0xa,0xa,0xa,0xa,
0xa,0xa,0xa,0xa,0,0,0,0,0xa,0xa,0,0,0,0,0,0,
0,0,0,0,0,0,0,0,0xa,0xa,0xa,0xa,0xa,0xa,0xa,0xa,
0xa,0,0,0,0,0,0,0,0xa,0xa,0xa,0xa,0xa,0xa,0xa,0xa,
0xa,0xa,0xa,0xa,0xa,0xa,0,0,0xa,0xa,0xa,0xa,0xa,0xa,0xa,0xa,
0xa,0xa,0xa,0xa,0xa,0,0,0,0xa,0xa,0xa,0xa,0xa,0xa,0xa,0xa,
0xa,0xa,0xa,0,0,0,0xa,0xa,0xa,0xa,0xa,0xa,0xa,0xa,0xa,0xa,
0xa,0xa,0xa,0xa,0xa,0xa,0xa,0xa,0xa,0xa,0xa,0,0xa,0,0,0,
0,0xa,0xa,0xa,0xa,0xa,0xa,0xa,0xa,0xa,0xa,0xa,0xa,0xa,0xa,0xa,
0xa,0,0,0xa,0xa,0xa,0xa,0xa,0xa,0xa,0xa,0xa,0xa,0xa,0xa,0,
0,0,0,0xa,0xa,0xa,0xa,0xa,0xa,0xa,0xa,0xa,0xa,0,0,0,
0,0,0,0,0xa,0xa,0xa,0xa,0xa,0xa,0xa,0xa,0xa,0xa,0xa,0xa,
0xa,0xa,0xa,0xa,0xa,0xa,0xa,0,0xa,0xa,0xa,0xa,0xa,0xa,0xa,0xa,
0xa,0xa,0xa,0xa,0xa,0xa,0xa,0xa,2,2,2,2,2,2,2,2,
2,2,0xa,0,0,0,0,0,0,0,0,0,0,0,0,0,
0,0,0,0,0,0,0,0,0,0,0,0,0,0,0,0,
0,0,0x12,0x12,0xb2,0xb2,0xb2,0xb2,0xb2,0xb2,0xb2,0xb2,0xb2,0xb2,0xb2,0xb2,
0xb2,0xb2,0xb2,0xb2,0xb2,0xb2,0xb2,0xb2,0xb2,0xb2,0xb2,0xb2,0xb2,0xb2,0xb2,0xb2,
0xb2,0xb2,0xb2,0xb2,0x12,0xb2,0x12,0x12,0x12,0x12,0x12,0x12,0x12,0x12,0x12,0x12,
0x12,0x12,0x12,0x12,0x12,0x12,0x12,0x12,0x12,0x12,0x12,0x12,0x12,0x12,0x12,0x12,
0x12,0x12,0x12,0x12,0x12,0x12,0x12,0x12,0xb1,0xb1,0xb1,0xb1,0xb1,0xb1,0xb1,0xb1,
0xb1,0xb1,0xb1,0xb1,0xb1,0xb1,0xb1,0xb1,0x12,0x12,0x12,0x12,0x12,0x12,0x12,0x12,
0x12,0x12,0x12,0x12,0x12,0x12,0x12,0x12,0,0,0,0
};

static const uint32_t ubidi_props_mirrors[40]={
0x2000ab,0xbb,0x4202215,0x4e0221f,0x3e02220,0x3a02221,0x3c02222,0x4c02224,0x2202243,0x1402245,0x120224c,0x4002298,0x44022a6,0x48022a8,0x46022a9,0x4a022ab,
0x38022b8,0x10022cd,0x2e022f2,0x30022f3,0x32022f4,0x34022f6,0x36022f7,0x24022fa,0x26022fb,0x28022fc,0x2a022fd,0x2c022fe,0x20027dc,0xa0299b,0xc029a0,0x8029a3,
0x16029b8,0x4029f5,0x1802ade,0x1c02ae3,0x1a02ae4,0x1e02ae5,0xe02aee,0x602bfe
};

static const uint8_t ubidi_props_jgArray[684]={
0x68,0,3,3,0x2c,3,0x2d,3,4,0x2a,4,4,0xd,0xd,0xd,6,
6,0x1f,0x1f,0x23,0x23,0x21,0x21,0x28,0x28,1,1,0xb,0xb,0x37,0x37,0x37,
0,9,0x1d,0x13,0x16,0x18,0x1a,0x10,0x2c,0x2d,0x2d,0,0,0,0,0,
0,0,0,0,0,0,0,0,0,0,0,0,0,0,0,0,
0,0,0,0,0,0,0,0,0,0,0,0,0,0,4,0x1d,
0,3,3,3,0,3,0x2c,0x2c,0x2d,4,4,4,4,4,4,4,
4,0xd,0xd,0xd,0xd,0xd,0xd,0xd,6,6,6,6,6,6,6,6,
6,0x1f,0x1f,0x1f,0x1f,0x1f,0x1f,0x1f,0x1f,0x1f,0x23,0x23,0x23,0x21,0x21,0x28,
1,9,9,9,9,9,9,0x1d,0x1d,0xb,0x26,0xb,0x13,0x13,0x13,0xb,
0xb,0xb,0xb,0xb,0xb,0x16,0x16,0x16,0x16,0x1a,0x1a,0x1a,0x1a,0x38,0x15,0xd,
0x2a,0x11,0x11,0xe,0x2c,0x2c,0x2c,0x2c,0x2c,0x2c,0x2c,0x2c,0x37,0x2f,0x37,0x2c,
0x2d,0x2d,0x2e,0x2e,0,0x2a,0,0,0,0,0,0,0,0,0,0,
0,0,0,0,0,0,0,0,0,0,0,0,0,0,6,0x1f,
0,0,0,0,0,0,0,0,0,0,0x23,0x21,1,0,0,0x15,
0,0,0,0,0,0,0,0,0,0,0,0,0,0,0,0,
2,0,5,0xc,0xc,7,7,0xf,0x27,0x32,0x12,0x2b,0x2b,0x30,0x31,0x14,
0x17,0x19,0x1b,0x24,0xa,8,0x1c,0x20,0x22,0x1e,7,0x25,0x29,5,0xc,7,
0,0,0,0,0,0,0,0,0,0,0,0,0,0,0,0,
0,0,0,0,0,0,0,0,0,0,0,0,0,0x35,0x34,0x33,
4,4,4,4,4,4,4,0xd,0xd,6,6,0x1f,0x23,1,1,1,
9,9,0xb,0xb,0xb,0x18,0x18,0x1a,0x1a,0x1a,0x16,0x1f,0x1f,0x23,0xd,0xd,
0x23,0x1f,0xd,3,3,0x37,0x37,0x2d,0x2c,0x2c,0x36,0x36,0xd,0x23,0x23,0x13,
0,0,0,0,0,0,0,0,0,0,0,0,0,0,0,0,
0,0,0,0,0,0,0,0,0,0,0,0,0,0,0,0,
0,0,0,0,0,0,0,0,0,0,0,0,0,0,0,0,
0,0,0,0,0,0,0,0,0,0,0,0,0,0,0,0,
0,0,0,0,0,0,0,0,0,0,0,0,0,0,0,0,
0,0,0,0,0,0,0,0,0,0,0,0,0,0,0,0,
0,0,0,0,0,0,0,0,0,0,0,0,0,0,0,0,
0,0,0,0,0,0,0,0,0,0,0,0,0,0,0,0,
0,0,0,0,0,0,0,0,0,0,0,0,0,0,0,0,
0,0,0,0,0,0,0,0,0,0,0,0,0,0,0,0,
0,0,0,0,0,0,0,0,0,0,0,0,0,0,0,0,
0,0,0,0,0,0,0,0,0,0,0,0,0,0,0,0,
0,0,0,0,0,0,0,0,0,0,0,0,0,0,0,0,
0,0,0,0,0,0,0,0,0,0,0,0,0,0,0,0,
0x5d,0x5a,0x60,0x63,0x5e,0x5f,0x59,0x61,0x5b,0x5c,0x62,0,0,0,0,0,
3,3,3,3,3,3,3,3,3,3,3,3,3,3,3,3,
3,3,3,0,0,0,0x66,0,0,0x1a,0xd,0x28,0x28,0xb,0x67,0x1a,
0,0,0,0,0,0,0,0,0,0,0,0,0,0,0,0,
4,4,0xd,0x28,9,0x1d,0x16,0x18,0x2d,0x2d,0x1f,0x2c,0x39,0,6,0x21,
0xb,0x55,0x1f,1,0x13,0x1d,4,4,4,0x1f,0x2d,0x56,0x58,0x57,4,4,
4,0xd,0xb,1,0x58,0xd,0xd,0x16,0xb,0,0,0
};

static const uint8_t ubidi_props_jgArray2[1032]={
0x3a,0x3c,0x3c,0x40,0x40,0x3d,0,0x52,0,0x54,0x54,0,0,0x41,0x4f,0x53,
0x43,0x43,0x43,0x44,0x3e,0x50,0x45,0x46,0x4c,0x3b,0x3b,0x48,0x48,0x4b,0x49,0x49,
0x49,0x4a,0,0,0x4d,0,0,0,0,0,0,0x47,0x3f,0x4e,0x51,0x42,
0,0,0,0,0,0,0,0,0,0,0,0,0,0,0,0,
0,0,0,0,0,0,0,0,0,0,0,0,0,0,0,0,
0,0,0,0,0,0,0,0,0,0,0,0,0,0,0,0,
0,0,0,0,0,0,0,0,0,0,0,0,0,0,0,0,
0,0,0,0,0,0,0,0,0,0,0,0,0,0,0,0,
0,0,0,0,0,0,0,0,0,0,0,0,0,0,0,0,
0,0,0,0,0,0,0,0,0,0,0,0,0,0,0,0,
0,0,0,0,0,0,0,0,0,0,0,0,0,0,0,0,
0,0,0,0,0,0,0,0,0,0,0,0,0,0,0,0,
0,0,0,0,0,0,0,0,0,0,0,0,0,0,0,0,
0,0,0,0,0,0,0,0,0,0,0,0,0,0,0,0,
0,0,0,0,0,0,0,0,0,0,0,0,0,0,0,0,
0,0,0,0,0,0,0,0,0,0,0,0,0,0,0,0,
0,0,0,0,0,0,0,0,0,0,0,0,0,0,0,0,
0,0,0,0,0,0,0,0,0,0,0,0,0,0,0,0,
0,0,0,0,0,0,0,0,0,0,0,0,0,0,0,0,
0,0,0,0,0,0,0,0,0,0,0,0,0,0,0,0,
0,0,0,0,0,0,0,0,0,0,0,0,0,0,0,0,
0,0,0,0,0,0,0,0,0,0,0,0,0,0,0,0,
0,0,0,0,0,0,0,0,0,0,0,0,0,0,0,0,
0,0,0,0,0,0,0,0,0,0,0,0,0,0,0,0,
0,0,0,0,0,0,0,0,0,0,0,0,0,0,0,0,
0,0,0,0,0,0,0,0,0,0,0,0,0,0,0,0,
0,0,0,0,0,0,0,0,0,0,0,0,0,0,0,0,
0,0,0,0,0,0,0,0,0,0,0,0,0,0,0,0,
0,0,0,0,0,0,0,0,0,0,0,0,0,0,0,0,
0,0,0,0,0,0,0,0,0,0,0,0,0,0,0,0,
0,0,0,0,0,0,0,0,0,0,0,0,0,0,0,0,
0,0,0,0,0,0,0,0,0,0,0,0,0,0,0,0,
0,0,0,0,0,0,0,0,0,0,0,0,0,0,0,0,
0,0,0,0,0,0,0,0,0,0,0,0,0,0,0,0,
0,0,0,0,0,0,0,0,0,0,0,0,0,0,0,0,
0,0,0,0,0,0,0,0,0,0,0,0,0,0,0,0,
0,0,0x65,0,0,0,0,0,0,0x65,0,0,0,0,0,0,
0,0,0,0,0,0,0,0,0,0x64,0,0,0x65,0,0x64,0,
0x64,0,0,0x64,0,0,0,0,0,0,0,0,0,0,0,0,
0,0,0,0,0,0,0,0,0,0,0,0,0,0,0,0,
0,0,0,0,0,0,0,0,0,0,0,0,0,0,0,0,
0,0,0,0,0,0,0,0,0,0,0,0,0,0,0,0,
0,0,0,0,0,0,0,0,0,0,0,0,0,0,0,0,
0,0,0,0,0,0,0,0,0,0,0,0,0,0,0,0,
0,0,0,0,0,0,0,0,0,0,0,0,0,0,0,0,
0,0,0,0,0,0,0,0,0,0,0,0,0,0,0,0,
0,0,0,0,0,0,0,0,0,0,0,0,0,0,0,0,
0,0,0,0,0,0,0,0,0,0,0,0,0,0,0,0,
0,0,0,0,0,0,0,0,0,0,0,0,0,0,0,0,
0,0,0,0,0,0,0,0,0,0,0,0,0,0,0,0,
0,0,0,0,0,0,0,0,0,0,0,0,0,0,0,0,
0,0,0,0,0,0,0,0,0,0,0,0,0,0,0,0,
0,0,0,0,0,0,0,0,0,0,0,0,0,0,0,0,
0,0,0,0,0,0,0,0,0,0,0,0,0,0,0,0,
0,0,0,0,0,0,0,0,0,0,0,0,0,0,0,0,
0,0,0,0,0,0,0,0,0,0,0,0,0,0,0,0,
0,0,0,0,0,0,0,0,0,0,0,0,0,0,0,0,
0,0,0,0,0,0,0,0,0,0,0,0,0,0,0,0,
0,0,0,0,0,0,0,0,0,0,0,0,0,0,0,0,
0,0,0,0,0,0,0,0,0,0,0,0,0,0,0,0,
0,0,0,0,0,0,0,0,0,0,0,0,0,0,0,0,
0,0,0,0,0,0,0,0,0,0,0,0,0,0,0,0,
0,0,0,0,0,0,0,0,0,0,0,0,0,0,0,0,
0,0,0,0,0,0,0,0,0,0,0,0,0,0,0,0,
0,0,6,0x28,0x13,0,0x69,0x2d
};

static const UBiDiProps ubidi_props_singleton={
  nullptr,
  ubidi_props_indexes,
  ubidi_props_mirrors,
  ubidi_props_jgArray,
  ubidi_props_jgArray2,
  {
    ubidi_props_trieIndex,
    ubidi_props_trieIndex+3668,
    nullptr,
    3668,
    9848,
    0x1a0,
    0xed4,
    0x0,
    0x0,
    0x110000,
    0x34c8,
    nullptr, 0, false, false, 0, nullptr
  },
  { 2,2,0,0 }
};

#endif  // INCLUDED_FROM_UBIDI_PROPS_C
#endif // APPLE_ICU_CHANGES
